2007,1,14,7,1718,1620,2015,1935,AA,212,N5EBAA,177,195,163,40,58,MIA,BOS,1258,6,8,0,,0,0,40,0,0,0
2007,1,17,3,1553,1455,1800,1710,AA,387,N5CAAA,187,195,161,50,58,MIA,DFW,1121,8,18,0,,0,0,50,0,0,0
2007,1,31,3,1612,1455,1839,1710,AA,387,N5ERAA,207,195,169,89,77,MIA,DFW,1121,22,16,0,,0,0,22,12,0,55
2007,1,19,5,2213,2150,35,15,AA,447,N615AA,322,325,300,20,23,MIA,LAS,2175,7,15,0,,0,0,20,0,0,0
2007,1,15,1,950,905,1203,1115,AA,617,N3AEAA,193,190,157,48,45,MIA,DFW,1121,24,12,0,,0,0,45,3,0,0
2007,1,14,7,1951,1755,2241,2105,AA,882,N5EEAA,170,190,154,96,116,MIA,BOS,1258,6,10,0,,0,0,89,0,0,7
2007,1,14,7,848,800,1048,1015,AA,908,N394AA,180,195,153,33,48,MIA,DFW,1121,14,13,0,,0,0,33,0,0,0
2007,1,31,3,1909,1825,2141,2045,AA,954,N5CPAA,212,200,184,56,44,MIA,DFW,1121,10,18,0,,0,0,44,12,0,0
2007,1,15,1,1647,1430,1822,1615,AA,966,N5CRAA,155,165,140,127,137,MIA,STL,1068,2,13,0,,0,0,127,0,0,0
2007,1,27,6,1653,1550,1803,1650,AA,1341,N3AWAA,130,120,108,73,63,MIA,MSY,674,5,17,0,,0,19,18,10,0,26
2007,1,15,1,1849,1635,2119,1905,AA,1478,N5EVAA,150,150,125,134,134,MIA,BWI,946,6,19,0,,0,0,45,0,0,89
2007,1,5,5,1514,1400,1700,1605,AA,1554,N3ALAA,106,125,92,55,74,MIA,RDU,700,3,11,0,,0,0,55,0,0,0
2007,1,2,2,1958,1905,2234,2200,AA,1804,N3CLAA,156,175,138,34,53,MIA,LGA,1097,6,12,0,,0,0,14,0,0,20
2007,1,31,3,2121,2100,2343,2310,AA,1812,N619AA,202,190,181,33,21,MIA,DFW,1121,6,15,0,,0,0,21,12,0,0
2007,1,31,3,1647,1620,1908,1830,AA,1945,N7BJAA,201,190,170,38,27,MIA,DFW,1121,9,22,0,,0,0,27,11,0,0
2007,1,14,7,1956,1750,2221,2015,AA,2018,N3ANAA,145,145,123,126,126,MIA,DCA,920,13,9,0,,0,0,10,0,0,116
2007,2,25,7,1549,1455,1822,1710,AA,387,N354AA,213,195,171,72,54,MIA,DFW,1121,22,20,0,,0,0,22,18,0,32
2007,2,6,2,2345,2035,153,2255,AA,1139,N5FCAA,188,200,169,178,190,MIA,ORD,1197,10,9,0,,0,0,5,0,0,173
2007,2,8,4,822,800,933,900,AA,1724,N3BTAA,71,60,56,33,22,MIA,TPA,204,4,11,0,,0,0,22,11,0,0
2007,3,16,5,1355,1335,1657,1625,AA,297,N5DGAA,362,350,306,32,20,MIA,LAX,2342,8,48,0,,0,0,20,12,0,0
2007,3,17,6,1602,1335,1843,1625,AA,297,N5DKAA,341,350,309,138,147,MIA,LAX,2342,17,15,0,,0,0,138,0,0,0
2007,3,16,5,1304,1245,1534,1515,AA,695,N3BRAA,150,150,134,19,19,MIA,STX,1139,2,14,0,,0,0,16,0,0,3
2007,3,16,5,1119,955,1334,1215,AA,714,N3AMAA,135,140,116,79,84,MIA,DCA,920,6,13,0,,0,0,79,0,0,0
2007,3,16,5,1328,1205,1735,1515,AA,758,N642AA,247,190,212,140,83,MIA,BOS,1258,15,20,0,,0,0,66,57,0,17
2007,3,17,6,1248,1205,1548,1515,AA,758,N5BYAA,180,190,162,33,43,MIA,BOS,1258,5,13,0,,0,0,33,0,0,0
2007,3,16,5,1318,1125,1601,1340,AA,805,N3BMAA,223,195,160,141,113,MIA,DFW,1121,9,54,0,,0,0,15,28,0,98
2007,3,16,5,1410,1320,1824,1607,AA,816,N611AA,254,167,210,137,50,MIA,BOS,1258,15,29,0,,0,0,29,87,0,21
2007,3,16,5,1435,1150,1733,1420,AA,869,N069AA,178,150,127,193,165,MIA,SJU,1045,9,42,0,,0,0,165,28,0,0
2007,3,16,5,1341,1130,1609,1355,AA,934,N3CTAA,148,145,118,134,131,MIA,DCA,920,3,27,0,,0,0,33,3,0,98
2007,3,16,5,1948,1825,2203,2045,AA,954,N612AA,195,200,162,78,83,MIA,DFW,1121,5,28,0,,0,48,30,0,0,0
2007,3,7,3,1515,1425,1656,1615,AA,966,N5DCAA,161,170,147,41,50,MIA,STL,1068,3,11,0,,0,0,41,0,0,0
2007,3,16,5,1225,1120,1416,1320,AA,1006,N3BBAA,111,120,88,56,65,MIA,ATL,595,8,15,0,,0,0,11,0,0,45
2007,3,16,5,1217,1120,1327,1240,AA,1024,N3BFAA,130,140,110,47,57,MIA,BNA,806,5,15,0,,0,0,7,0,0,40
2007,3,16,5,1416,1345,1649,1615,AA,1083,N5DAAA,333,330,292,34,31,MIA,LAS,2175,7,34,0,,0,0,31,3,0,0
2007,3,16,5,1414,1150,1658,1420,AA,1256,N5FKAA,164,150,127,158,144,MIA,BWI,946,4,33,0,,0,0,14,14,0,130
2007,3,17,6,2257,2120,2354,2225,AA,1263,N3DDAA,117,125,99,89,97,MIA,MSY,674,4,14,0,,0,0,55,0,0,34
2007,3,16,5,1950,1910,2151,2125,AA,1283,N5CHAA,181,195,155,26,40,MIA,ORD,1197,8,18,0,,0,0,26,0,0,0
2007,3,16,5,1349,1325,1650,1555,AA,1305,N077AA,181,150,135,55,24,MIA,SJU,1045,5,41,0,,0,0,24,31,0,0
2007,3,16,5,1440,1135,1703,1355,AA,1339,N5FHAA,203,200,161,188,185,MIA,ORD,1197,6,36,0,,0,0,26,3,0,159
2007,3,22,4,741,650,946,905,AA,1344,N3BXAA,185,195,161,41,51,MIA,DFW,1121,6,18,0,,0,21,20,0,0,0
2007,3,16,5,1355,1325,1707,1550,AA,1370,N3BGAA,192,145,119,77,30,MIA,DCA,920,44,29,0,,0,0,30,47,0,0
2007,3,16,5,1257,1130,1441,1320,AA,1391,N3CYAA,164,170,142,81,87,MIA,IAH,964,13,9,0,,0,0,81,0,0,0
2007,3,16,5,1143,1100,1341,1300,AA,1746,N3CGAA,118,120,96,41,43,MIA,RDU,700,6,16,0,,0,0,41,0,0,0
2007,3,16,5,1128,950,1341,1220,AA,1845,N064AA,133,150,118,81,98,MIA,SJU,1045,3,12,0,,0,18,63,0,0,0
2007,3,17,6,2344,2220,141,10,AA,1881,N5CXAA,177,170,154,91,84,MIA,STL,1068,5,18,0,,0,0,19,7,0,65
2007,3,17,6,1057,1025,1446,1313,AA,1934,N3BUAA,229,168,132,93,32,MIA,LGA,1097,88,9,0,,0,0,32,61,0,0
2007,3,17,6,1849,1750,2110,2015,AA,2018,N3ATAA,141,145,120,55,59,MIA,DCA,920,4,17,0,,0,0,55,0,0,0
2007,3,17,6,908,820,1130,1040,AA,2253,N5BTAA,202,200,179,50,48,MIA,ORD,1197,9,14,0,,0,0,19,2,0,29
2007,4,12,4,1731,1620,2001,1855,AA,267,N5EYAA,330,335,309,66,71,MIA,LAX,2342,9,12,0,,0,0,4,0,0,62
2007,4,12,4,1629,1345,1840,1545,AA,278,N610AA,191,180,159,175,164,MIA,DFW,1121,10,22,0,,0,0,40,11,0,124
2007,4,12,4,1523,1435,1823,1735,AA,311,N626AA,360,360,341,48,48,MIA,SFO,2585,5,14,0,,0,0,6,0,0,42
2007,4,3,2,1511,1455,1730,1710,AA,387,N5FJAA,199,195,164,20,16,MIA,DFW,1121,22,13,0,,0,0,16,4,0,0
2007,4,10,2,2303,2150,9,2305,AA,410,N3CBAA,126,135,110,64,73,MIA,BNA,806,6,10,0,,0,0,43,0,0,21
2007,4,10,2,46,2240,142,2340,AA,443,N3AYAA,56,60,40,122,126,MIA,TPA,204,3,13,0,,0,0,68,0,0,54
2007,4,11,3,2323,2240,23,2340,AA,443,N3AJAA,60,60,42,43,43,MIA,TPA,204,5,13,0,,0,0,13,0,0,30
2007,4,12,4,1259,1140,1530,1355,AA,525,N618AA,211,195,171,95,79,MIA,ORD,1197,9,31,0,,0,0,13,16,0,66
2007,4,12,4,1459,1200,1758,1510,AA,562,N5DXAA,179,190,156,168,179,MIA,BOS,1258,5,18,0,,0,0,165,0,0,3
2007,4,12,4,1609,1455,1747,1640,AA,583,N5EGAA,158,165,146,67,74,MIA,STL,1068,3,9,0,,0,0,53,0,0,14
2007,4,12,4,1711,1430,2051,1735,AA,680,N5BTAA,220,185,141,196,161,MIA,EWR,1086,12,67,0,,0,0,146,35,0,15
2007,4,12,4,1631,1525,1831,1710,AA,685,N3DBAA,180,165,148,81,66,MIA,IAH,964,8,24,0,,0,0,5,15,0,61
2007,4,12,4,1239,1155,1637,1430,AA,788,N3CBAA,238,155,136,127,44,MIA,STX,1139,5,97,0,,0,0,44,83,0,0
2007,4,12,4,1455,1410,1545,1510,AA,816,N062AA,50,60,33,35,45,MIA,MCO,193,4,13,0,,0,0,7,0,0,28
2007,4,10,2,128,2200,325,2359,AA,855,N3CYAA,177,179,161,206,208,MIA,DFW,1121,4,12,0,,0,0,186,0,0,20
2007,4,12,4,1954,1755,2251,2045,AA,882,N077AA,177,170,138,126,119,MIA,JFK,1090,21,18,0,,0,0,22,7,0,97
2007,4,10,2,2239,2045,109,2335,AA,954,N5DVAA,150,170,135,94,114,MIA,LGA,1097,4,11,0,,0,0,35,0,0,59
2007,4,3,2,1449,1425,1656,1615,AA,966,N5FBAA,187,170,170,41,24,MIA,STL,1068,3,14,0,,0,0,24,17,0,0
2007,4,12,4,2000,1830,2058,1930,AA,1011,N3CSAA,58,60,38,88,90,MIA,MCO,193,6,14,0,,0,0,72,0,0,16
2007,4,12,4,1502,1145,1620,1300,AA,1024,N3BDAA,138,135,109,200,197,MIA,BNA,806,6,23,0,,0,0,11,3,0,186
2007,4,12,4,1245,1205,1512,1435,AA,1036,N623AA,147,150,120,37,40,MIA,BWI,946,4,23,0,,0,0,37,0,0,0
2007,4,12,4,1528,1430,1747,1655,AA,1094,N3CJAA,139,145,119,52,58,MIA,DCA,920,3,17,0,,0,0,11,0,0,41
2007,4,12,4,1701,1540,1949,1805,AA,1099,N072AA,168,145,132,104,81,MIA,SJU,1045,9,27,0,,0,36,37,23,0,8
2007,4,10,2,2255,2105,247,2325,AA,1200,N3CDAA,232,140,116,202,110,MIA,DCA,920,3,113,0,,0,0,110,92,0,0
2007,4,12,4,3,2105,221,2325,AA,1200,N3BDAA,138,140,117,176,178,MIA,DCA,920,7,14,0,,0,47,129,0,0,0
2007,4,12,4,2134,2015,33,2320,AA,1236,N630AA,359,365,341,73,79,MIA,SFO,2585,3,15,0,,0,0,10,0,0,63
2007,4,12,4,2021,1915,2229,2125,AA,1283,N5FBAA,188,190,164,64,66,MIA,ORD,1197,8,16,0,,0,0,14,0,0,50
2007,4,12,4,2113,1705,2336,1930,AA,1299,N5FNAA,143,145,119,246,248,MIA,SJU,1045,7,17,0,,0,0,246,0,0,0
2007,4,12,4,1645,1335,1932,1600,AA,1305,N060AA,167,145,122,212,190,MIA,SJU,1045,7,38,0,,0,0,16,22,0,174
2007,4,12,4,1221,1050,1433,1245,AA,1325,N3BPAA,132,115,100,108,91,MIA,RDU,700,7,25,0,,0,0,91,17,0,0
2007,4,12,4,1756,1225,2104,1515,AA,1414,N322AA,188,170,158,349,331,MIA,JFK,1090,6,24,0,,0,0,28,18,0,303
2007,4,12,4,1856,1810,2106,2025,AA,1447,N5EFAA,190,195,170,41,46,MIA,ORD,1197,6,14,0,,0,0,10,0,0,31
2007,4,12,4,1213,1110,1314,1210,AA,1451,N3DFAA,121,120,99,64,63,MIA,MSY,674,6,16,0,,0,0,63,1,0,0
2007,4,10,2,12,2230,110,2325,AA,1539,N3CMAA,118,115,103,105,102,MIA,MSY,674,2,13,0,,0,0,53,3,0,49
2007,4,12,4,1510,1310,1719,1525,AA,1565,N614AA,189,195,172,114,120,MIA,ORD,1197,5,12,0,,0,0,114,0,0,0
2007,4,12,4,1216,1110,1458,1305,AA,1708,N3AEAA,162,115,85,113,66,MIA,ATL,595,61,16,0,,0,0,66,47,0,0
2007,4,10,2,2221,2115,16,2310,AA,1748,N3BYAA,115,115,84,66,66,MIA,ATL,595,6,25,0,,0,0,31,0,0,35
2007,4,12,4,1741,1435,1850,1535,AA,1778,N3DJAA,69,60,38,195,186,MIA,TPA,204,3,28,0,,0,0,16,9,0,170
2007,4,12,4,1404,1220,1616,1425,AA,1818,N631AA,192,185,162,111,104,MIA,DFW,1121,8,22,0,,0,0,78,7,0,26
2007,4,12,4,1601,1530,1834,1750,AA,1825,N5ENAA,333,320,294,44,31,MIA,LAS,2175,20,19,0,,0,0,22,13,0,9
2007,4,12,4,1146,1020,1515,1245,AA,1845,N076AA,209,145,127,150,86,MIA,SJU,1045,5,77,0,,0,0,86,64,0,0
2007,4,12,4,1920,1840,2119,2045,AA,1865,N635AA,179,185,163,34,40,MIA,DFW,1121,5,11,0,,0,0,2,0,0,32
2007,4,12,4,2022,1810,2332,2125,AA,1888,N5CHAA,190,195,158,127,132,MIA,BOS,1258,8,24,0,,0,0,17,0,0,110
2007,4,15,7,2326,1810,223,2125,AA,1888,N5DGAA,177,195,154,298,316,MIA,BOS,1258,11,12,0,,0,0,33,0,0,265
2007,4,10,2,15,2225,122,2320,AA,1946,N5DMAA,67,55,44,122,110,MIA,MCO,193,6,17,0,,0,0,44,12,0,66
2007,4,12,4,1745,1605,1855,1705,AA,1990,N5CJAA,70,60,40,110,100,MIA,MCO,193,4,26,0,,0,0,9,10,0,91
2007,4,12,4,2128,2055,2335,2305,AA,2039,N618AA,187,190,164,30,33,MIA,ORD,1197,6,17,0,,0,0,7,0,0,23
2007,4,12,4,1232,1110,1334,1210,AA,2064,N5FCAA,62,60,35,84,82,MIA,MCO,193,9,18,0,,0,0,58,2,0,24
2007,4,12,4,1740,1600,2004,1830,AA,2078,N643AA,144,150,119,94,100,MIA,BWI,946,8,17,0,,0,0,94,0,0,0
2007,4,12,4,1453,1200,1545,1300,AA,2089,N3BUAA,52,60,36,165,173,MIA,TPA,204,4,12,0,,0,0,18,0,0,147
2007,4,12,4,1612,1510,1938,1805,AA,2110,N055AA,206,175,130,93,62,MIA,JFK,1090,9,67,0,,0,0,62,31,0,0
2007,4,12,4,1218,1110,1436,1335,AA,2134,N3BNAA,138,145,116,61,68,MIA,DCA,920,3,19,0,,0,0,61,0,0,0
2007,4,12,4,2106,1915,2250,2100,AA,2190,N5FSAA,164,165,147,110,111,MIA,STL,1068,3,14,0,,0,0,12,0,0,98
2007,4,12,4,1643,1610,1903,1835,AA,2198,N3ASAA,140,145,113,28,33,MIA,DCA,920,5,22,0,,0,0,28,0,0,0
2007,4,12,4,1206,1110,1446,1345,AA,2213,N351AA,340,335,317,61,56,MIA,LAX,2342,3,20,0,,0,0,56,5,0,0
2007,5,19,6,1703,1620,1920,1855,AA,267,N5EXAA,317,335,285,25,43,MIA,LAX,2342,12,20,0,,0,0,23,0,0,2
2007,5,30,3,1520,1345,1742,1545,AA,278,N5DPAA,202,180,176,117,95,MIA,DFW,1121,9,17,0,,0,0,95,22,0,0
2007,5,6,7,10,2150,113,2305,AA,410,N3APAA,123,135,105,128,140,MIA,BNA,806,6,12,0,,0,0,77,0,0,51
2007,5,6,7,2330,2240,21,2340,AA,443,N3BDAA,51,60,34,41,50,MIA,TPA,204,3,14,0,,0,0,41,0,0,0
2007,5,28,1,1511,1430,1821,1735,AA,680,N5DBAA,190,185,150,46,41,MIA,EWR,1086,10,30,0,,0,0,41,5,0,0
2007,5,19,6,1704,1525,1843,1710,AA,685,N3AXAA,159,165,139,93,99,MIA,IAH,964,7,13,0,,0,0,48,0,0,45
2007,5,19,6,1909,1825,2133,2105,AA,823,N5EUAA,324,340,296,28,44,MIA,LAX,2342,13,15,0,,0,0,9,0,0,19
2007,5,6,7,2339,2200,117,2359,AA,855,N3BHAA,158,179,144,78,99,MIA,DFW,1121,5,9,0,,0,0,55,0,0,23
2007,5,6,7,959,2050,1245,2335,AA,866,N3CGAA,166,165,149,790,789,MIA,PHL,1013,7,10,0,,0,0,704,1,0,85
2007,5,6,7,2307,2050,221,2345,AA,936,N3BLAA,194,175,172,156,137,MIA,BDL,1194,4,18,0,,0,0,137,19,0,0
2007,5,20,7,1257,1145,1402,1300,AA,1024,N3AWAA,125,135,108,62,72,MIA,BNA,806,4,13,0,,0,0,16,0,0,46
2007,5,20,7,1240,1205,1458,1435,AA,1036,N5FJAA,138,150,123,23,35,MIA,BWI,946,6,9,0,,0,0,12,0,0,11
2007,5,6,7,52,2100,343,2355,AA,1050,N5DYAA,171,175,154,228,232,MIA,EWR,1086,5,12,0,,0,0,228,0,0,0
2007,5,6,7,2224,2100,110,2325,AA,1078,N5EBAA,166,145,136,105,84,MIA,BWI,946,5,25,0,,0,0,84,21,0,0
2007,5,19,6,1730,1540,2011,1805,AA,1099,N081AA,161,145,120,126,110,MIA,SJU,1045,10,31,0,,0,0,43,16,0,67
2007,5,18,5,1652,1615,1906,1825,AA,1115,N7BHAA,194,190,171,41,37,MIA,ORD,1197,6,17,0,,0,0,37,4,0,0
2007,5,19,6,1636,1615,1848,1825,AA,1115,N7AVAA,192,190,162,23,21,MIA,ORD,1197,11,19,0,,0,0,21,2,0,0
2007,5,19,6,1634,1610,1931,1910,AA,1228,N3AJAA,177,180,157,21,24,MIA,LGA,1097,6,14,0,,0,0,21,0,0,0
2007,5,19,6,1942,1915,2146,2125,AA,1283,N5EVAA,184,190,159,21,27,MIA,ORD,1197,5,20,0,,0,0,4,0,0,17
2007,5,19,6,1724,1705,1949,1930,AA,1299,N5EPAA,145,145,117,19,19,MIA,SJU,1045,6,22,0,,0,0,19,0,0,0
2007,5,20,7,1111,1050,1327,1245,AA,1325,N3AEAA,136,115,97,42,21,MIA,RDU,700,3,36,0,,0,0,21,21,0,0
2007,5,30,3,1850,1705,2144,2005,AA,1382,N5FSAA,174,180,156,99,105,MIA,LGA,1097,3,15,0,,0,0,89,0,0,10
2007,5,6,7,2251,2230,12,2325,AA,1539,N3CEAA,141,115,95,47,21,MIA,MSY,674,4,42,0,,0,0,21,26,0,0
2007,5,6,7,2244,2035,111,2300,AA,1564,N3DLAA,147,145,128,131,129,MIA,IAD,921,5,14,0,,0,0,15,2,0,114
2007,5,20,7,1159,1110,1345,1305,AA,1708,N3ARAA,106,115,85,40,49,MIA,ATL,595,6,15,0,,0,0,26,0,0,14
2007,5,6,7,2217,2045,144,2355,AA,1780,N627AA,207,190,174,109,92,MIA,BOS,1258,4,29,0,,0,0,92,17,0,0
2007,5,6,7,2226,2055,106,2335,AA,1830,N5EUAA,340,340,298,91,91,MIA,LAX,2342,6,36,0,,0,0,91,0,0,0
2007,5,20,7,1103,1020,1341,1245,AA,1845,N7AKAA,158,145,119,56,43,MIA,SJU,1045,5,34,0,,0,0,43,13,0,0
2007,5,13,7,1953,1840,2150,2045,AA,1865,N5EGAA,177,185,143,65,73,MIA,DFW,1121,15,19,0,,0,0,65,0,0,0
2007,5,19,6,1705,1635,1904,1840,AA,1945,N7ASAA,179,185,153,24,30,MIA,DFW,1121,5,21,0,,0,0,24,0,0,0
2007,5,30,3,1710,1635,1927,1840,AA,1945,N7BLAA,197,185,173,47,35,MIA,DFW,1121,8,16,0,,0,0,35,12,0,0
2007,5,6,7,2348,2225,43,2320,AA,1946,N5EMAA,55,55,39,83,83,MIA,MCO,193,4,12,0,,0,0,57,0,0,26
2007,5,19,6,1637,1605,1727,1705,AA,1990,N5DBAA,50,60,34,22,32,MIA,MCO,193,4,12,0,,0,0,22,0,0,0
2007,5,6,7,2219,2055,115,2305,AA,2039,N5CAAA,236,190,164,130,84,MIA,ORD,1197,8,64,0,,0,0,84,46,0,0
2007,5,20,7,1129,1110,1233,1210,AA,2064,N5CWAA,64,60,36,23,19,MIA,MCO,193,4,24,0,,0,0,19,4,0,0
2007,5,19,6,1632,1600,1850,1830,AA,2078,N5CHAA,138,150,123,20,32,MIA,BWI,946,4,11,0,,0,0,20,0,0,0
2007,5,6,7,2332,2100,147,2345,AA,2128,N3DDAA,195,225,184,122,152,MIA,MSP,1501,3,8,0,,0,0,87,0,0,35
2007,5,6,7,2229,2050,10,2230,AA,2192,N3CKAA,161,160,129,100,99,MIA,IAH,964,9,23,0,,0,0,99,1,0,0
2007,5,19,6,1636,1610,1856,1835,AA,2198,N3AUAA,140,145,119,21,26,MIA,DCA,920,4,17,0,,0,0,21,0,0,0
2007,5,20,7,1131,1110,1404,1340,AA,2213,N352AA,333,330,291,24,21,MIA,LAX,2342,13,29,0,,0,0,21,3,0,0
2007,5,6,7,2239,2045,46,2245,AA,2298,N3BKAA,127,120,101,121,114,MIA,RDU,700,10,16,0,,0,0,114,7,0,0
2007,6,8,5,1535,1435,1754,1710,AA,247,N5EWAA,319,335,297,44,60,MIA,LAX,2342,10,12,0,,0,0,35,0,0,9
2007,6,14,4,1617,1455,1835,1710,AA,247,N5ECAA,318,315,298,85,82,MIA,LAX,2342,5,15,0,,0,0,23,3,0,59
2007,6,17,7,1523,1455,1740,1710,AA,247,N5DGAA,317,315,300,30,28,MIA,LAX,2342,4,13,0,,0,0,28,2,0,0
2007,6,18,1,1610,1455,1828,1710,AA,247,N5EWAA,318,315,299,78,75,MIA,LAX,2342,7,12,0,,0,0,57,3,0,18
2007,6,8,5,1823,1620,2048,1855,AA,267,N5ERAA,325,335,288,113,123,MIA,LAX,2342,8,29,0,,0,0,7,0,0,106
2007,6,12,2,1729,1620,2023,1855,AA,267,N5DGAA,354,335,299,88,69,MIA,LAX,2342,4,51,0,,0,0,69,19,0,0
2007,6,14,4,1732,1620,1957,1840,AA,267,N5ERAA,325,320,298,77,72,MIA,LAX,2342,4,23,0,,0,0,3,5,0,69
2007,6,17,7,1847,1620,2057,1840,AA,267,N5ECAA,310,320,294,137,147,MIA,LAX,2342,3,13,0,,0,0,137,0,0,0
2007,6,18,1,1640,1620,1914,1840,AA,267,N5EYAA,334,320,311,34,20,MIA,LAX,2342,6,17,0,,0,0,20,14,0,0
2007,6,6,3,1409,1345,1626,1545,AA,278,N373AA,197,180,156,41,24,MIA,DFW,1121,4,37,0,,0,0,9,17,0,15
2007,6,8,5,1528,1345,1710,1545,AA,278,N629AA,162,180,142,85,103,MIA,DFW,1121,9,11,0,,0,0,56,0,0,29
2007,6,8,5,1536,1435,1823,1735,AA,311,N619AA,347,360,325,48,61,MIA,SFO,2585,4,18,0,,0,0,48,0,0,0
2007,6,14,4,1517,1435,1757,1720,AA,311,N5DTAA,340,345,322,37,42,MIA,SFO,2585,4,14,0,,0,0,37,0,0,0
2007,6,21,4,1550,1435,1834,1720,AA,311,N5BTAA,344,345,319,74,75,MIA,SFO,2585,3,22,0,,0,35,39,0,0,0
2007,6,17,7,44,2205,139,2312,AA,410,N3AUAA,115,127,99,147,159,MIA,BNA,806,6,10,0,,0,0,104,0,0,43
2007,6,18,1,2222,2205,2339,2312,AA,410,N3DGAA,137,127,106,27,17,MIA,BNA,806,6,25,0,,0,0,14,10,0,3
2007,6,30,6,2327,2205,25,2312,AA,410,N3BTAA,118,127,103,73,82,MIA,BNA,806,6,9,0,,0,0,9,0,0,64
2007,6,14,4,1601,830,1829,1035,AA,435,N7ARAA,328,305,293,474,451,MIA,LAX,2342,6,29,0,,0,382,60,23,0,9
2007,6,1,5,2336,2240,33,2340,AA,443,N3BJAA,57,60,34,53,56,MIA,TPA,204,5,18,0,,0,0,9,0,0,44
2007,6,12,2,2345,2240,35,2340,AA,443,N3BJAA,50,60,33,55,65,MIA,TPA,204,4,13,0,,0,0,55,0,0,0
2007,6,17,7,105,2250,202,2350,AA,443,N3CKAA,57,60,39,132,135,MIA,TPA,204,4,14,0,,0,0,17,0,0,115
2007,6,18,1,2343,2250,40,2350,AA,443,N3CGAA,57,60,38,50,53,MIA,TPA,204,3,16,0,,0,0,32,0,0,18
2007,6,6,3,1251,1200,1617,1510,AA,562,N5CXAA,206,190,175,67,51,MIA,BOS,1258,4,27,0,,0,0,51,16,0,0
2007,6,8,5,1739,1455,1952,1640,AA,583,N5FPAA,193,165,156,192,164,MIA,STL,1068,10,27,0,,0,0,16,28,0,148
2007,6,14,4,1615,1500,1807,1640,AA,583,N5BTAA,172,160,144,87,75,MIA,STL,1068,2,26,0,,0,0,12,12,0,63
2007,6,17,7,1801,1500,1941,1640,AA,583,N610AA,160,160,137,181,181,MIA,STL,1068,4,19,0,,0,0,179,0,0,2
2007,6,18,1,1538,1500,1717,1640,AA,583,N611AA,159,160,146,37,38,MIA,STL,1068,4,9,0,,0,0,37,0,0,0
2007,6,21,4,1537,1500,1719,1640,AA,583,N5BSAA,162,160,146,39,37,MIA,STL,1068,5,11,0,,0,0,37,2,0,0
2007,6,15,5,2117,1950,2,2225,AA,585,N080AA,165,155,131,97,87,MIA,SJU,1045,7,27,0,,0,0,56,10,0,31
2007,6,16,6,2052,1950,2335,2225,AA,585,N081AA,163,155,131,70,62,MIA,SJU,1045,5,27,0,,0,0,7,8,0,55
2007,6,17,7,2050,1950,2334,2225,AA,585,N068AA,164,155,135,69,60,MIA,SJU,1045,7,22,0,,0,0,36,9,0,24
2007,6,18,1,2151,1950,58,2225,AA,585,N076AA,187,155,130,153,121,MIA,SJU,1045,5,52,0,,0,0,108,32,0,13
2007,6,30,6,2101,1950,2326,2225,AA,585,N069AA,145,155,126,61,71,MIA,SJU,1045,5,14,0,,0,0,23,0,0,38
2007,6,1,5,140,2105,416,2355,AA,588,N052AA,156,170,129,261,275,MIA,JFK,1090,10,17,0,,0,0,21,0,0,240
2007,6,15,5,2141,2105,34,2359,AA,588,N073AA,173,174,133,35,36,MIA,JFK,1090,12,28,0,,0,0,35,0,0,0
2007,6,17,7,214,2105,455,2359,AA,588,N063AA,161,174,134,296,309,MIA,JFK,1090,11,16,0,,0,0,20,0,0,276
2007,6,18,1,2315,2105,159,2359,AA,588,N057AA,164,174,140,120,130,MIA,JFK,1090,8,16,0,,0,0,29,0,0,91
2007,6,24,7,2129,2105,23,2359,AA,588,N084AA,174,174,139,24,24,MIA,JFK,1090,10,25,0,,0,0,21,0,0,3
2007,6,30,6,2200,2105,111,2359,AA,588,N082AA,191,174,144,72,55,MIA,JFK,1090,10,37,0,,0,33,22,17,0,0
2007,6,8,5,2015,1830,2210,2045,AA,628,N3CWAA,235,255,213,85,105,MIA,DEN,1709,4,18,0,,0,0,85,0,0,0
2007,6,12,2,1943,1830,2200,2045,AA,628,N3CHAA,257,255,223,75,73,MIA,DEN,1709,7,27,0,,0,0,54,2,0,19
2007,6,16,6,1856,1830,2102,2035,AA,628,N3CSAA,246,245,226,27,26,MIA,DEN,1709,5,15,0,,0,0,26,1,0,0
2007,6,18,1,2011,1830,2220,2035,AA,628,N3ATAA,249,245,229,105,101,MIA,DEN,1709,4,16,0,,0,34,67,4,0,0
2007,6,24,7,1855,1830,2106,2035,AA,628,N3CSAA,251,245,216,31,25,MIA,DEN,1709,5,30,0,,0,0,25,6,0,0
2007,6,27,3,736,720,1033,955,AA,639,N071AA,177,155,144,38,16,MIA,SJU,1045,8,25,0,,0,0,16,22,0,0
2007,6,14,4,1534,1430,1859,1735,AA,680,N5FFAA,205,185,146,84,64,MIA,EWR,1086,12,47,0,,0,0,64,20,0,0
2007,6,18,1,1541,1430,1841,1735,AA,680,N5CVAA,180,185,159,66,71,MIA,EWR,1086,6,15,0,,0,0,43,0,0,23
2007,6,8,5,1812,1525,2001,1710,AA,685,N3AVAA,169,165,133,171,167,MIA,IAH,964,10,26,0,,0,0,9,4,0,158
2007,6,10,7,1626,1525,1808,1710,AA,685,N3BFAA,162,165,130,58,61,MIA,IAH,964,9,23,0,,0,0,36,0,0,22
2007,6,12,2,1709,1525,1835,1710,AA,685,N3AAAA,146,165,130,85,104,MIA,IAH,964,4,12,0,,0,0,79,0,0,6
2007,6,18,1,1608,1525,1805,1700,AA,685,N3BTAA,177,155,158,65,43,MIA,IAH,964,7,12,0,,0,0,43,22,0,0
2007,6,21,4,1740,1525,1914,1700,AA,685,N3DEAA,154,155,120,134,135,MIA,IAH,964,10,24,0,,0,0,12,0,0,122
2007,6,6,3,1313,1225,1548,1455,AA,775,N5CSAA,155,150,132,53,48,MIA,STT,1107,4,19,0,,0,0,48,5,0,0
2007,6,21,4,1427,1225,1652,1505,AA,775,N632AA,145,160,131,107,122,MIA,STT,1107,3,11,0,,0,26,81,0,0,0
2007,6,6,3,1224,1155,1516,1430,AA,788,N3AVAA,172,155,139,46,29,MIA,STX,1139,4,29,0,,0,0,8,17,0,21
2007,6,13,3,1903,1740,2129,2010,AA,795,N5EHAA,146,150,130,79,83,MIA,STT,1107,3,13,0,,0,0,2,0,0,77
2007,6,17,7,2000,1735,2225,2015,AA,795,N618AA,145,160,132,130,145,MIA,STT,1107,2,11,0,,0,0,20,0,0,110
2007,6,18,1,1839,1735,2222,2015,AA,795,N5FKAA,223,160,138,127,64,MIA,STT,1107,4,81,0,,0,0,64,63,0,0
2007,6,30,6,1803,1735,2038,2015,AA,795,N5EEAA,155,160,128,23,28,MIA,STT,1107,3,24,0,,0,0,5,0,0,18
2007,6,17,7,1419,1400,1536,1505,AA,816,N068AA,77,65,50,31,19,MIA,MCO,193,7,20,0,,0,0,19,12,0,0
2007,6,17,7,2052,1845,2302,2100,AA,823,N365AA,310,315,280,122,127,MIA,LAX,2342,9,21,0,,0,0,12,0,0,110
2007,6,30,6,1906,1845,2136,2100,AA,823,N344AA,330,315,276,36,21,MIA,LAX,2342,12,42,0,,0,0,21,15,0,0
2007,6,17,7,114,2200,256,2350,AA,855,N3DDAA,162,170,146,186,194,MIA,DFW,1121,5,11,0,,0,0,1,0,0,185
2007,6,18,1,23,2200,208,2350,AA,855,N3ARAA,165,170,146,138,143,MIA,DFW,1121,5,14,0,,0,0,116,0,0,22
2007,6,15,5,2152,2055,27,2335,AA,866,N3CEAA,155,160,128,52,57,MIA,PHL,1013,4,23,0,,0,0,6,0,0,46
2007,6,18,1,2217,2055,118,2335,AA,866,N3AGAA,181,160,143,103,82,MIA,PHL,1013,5,33,0,,0,0,20,21,0,62
2007,6,26,2,2120,2055,24,2335,AA,866,N3AWAA,184,160,147,49,25,MIA,PHL,1013,4,33,0,,0,0,5,24,0,20
2007,6,30,6,2144,2055,28,2335,AA,866,N3BFAA,164,160,132,53,49,MIA,PHL,1013,4,28,0,,0,0,33,4,0,16
2007,6,6,3,1341,1250,1610,1515,AA,869,N627AA,149,145,129,55,51,MIA,SJU,1045,3,17,0,,0,0,34,4,0,17
2007,6,14,4,1446,1250,1705,1522,AA,869,N628AA,139,152,120,103,116,MIA,SJU,1045,3,16,0,,0,0,50,0,0,53
2007,6,18,1,1608,1250,1839,1522,AA,869,N5DRAA,151,152,130,197,198,MIA,SJU,1045,4,17,0,,0,0,6,0,0,191
2007,6,8,5,1840,1755,2259,2045,AA,882,N051AA,259,170,152,134,45,MIA,JFK,1090,75,32,0,,0,0,2,89,0,43
2007,6,13,3,1846,1755,2209,2045,AA,882,N081AA,203,170,154,84,51,MIA,JFK,1090,14,35,0,,0,0,51,33,0,0
2007,6,17,7,1941,1755,2245,2055,AA,882,N084AA,184,180,158,110,106,MIA,JFK,1090,6,20,0,,0,0,106,4,0,0
2007,6,18,1,1828,1755,2229,2055,AA,882,N071AA,241,180,141,94,33,MIA,JFK,1090,9,91,0,,0,0,13,61,0,20
2007,6,24,7,1856,1755,2144,2055,AA,882,N051AA,168,180,137,49,61,MIA,JFK,1090,7,24,0,,0,0,49,0,0,0
2007,6,26,2,2020,1755,2318,2055,AA,882,N069AA,178,180,137,143,145,MIA,JFK,1090,20,21,0,,0,113,30,0,0,0
2007,6,8,5,1356,1335,1643,1600,AA,914,N067AA,167,145,132,43,21,MIA,SJU,1045,7,28,0,,0,0,1,22,0,20
2007,6,17,7,1824,1335,2052,1610,AA,914,N063AA,148,155,123,282,289,MIA,SJU,1045,5,20,0,,0,0,208,0,0,74
2007,6,21,4,1518,1335,1740,1610,AA,914,N076AA,142,155,135,90,103,MIA,SJU,1045,4,3,0,,0,6,84,0,0,0
2007,6,8,5,1702,1635,1750,1735,AA,920,N3ACAA,108,120,88,15,27,MIA,MSY,674,4,16,0,,0,0,4,0,0,11
2007,6,17,7,1913,1635,2003,1725,AA,920,N3CJAA,110,110,91,158,158,MIA,MSY,674,3,16,0,,0,0,73,0,0,85
2007,6,17,7,2216,2050,111,2345,AA,936,N3ADAA,175,175,153,86,86,MIA,BDL,1194,4,18,0,,0,0,20,0,0,66
2007,6,18,1,2138,2050,29,2345,AA,936,N3DBAA,171,175,157,44,48,MIA,BDL,1194,3,11,0,,0,0,17,0,0,27
2007,6,30,6,2139,2050,40,2345,AA,936,N3AYAA,181,175,150,55,49,MIA,BDL,1194,6,25,0,,0,0,17,6,0,32
2007,6,15,5,2115,2045,3,2340,AA,954,N5FRAA,168,175,133,23,30,MIA,LGA,1097,8,27,0,,0,0,23,0,0,0
2007,6,17,7,2145,2045,32,2340,AA,954,N5FRAA,167,175,136,52,60,MIA,LGA,1097,4,27,0,,0,0,32,0,0,20
2007,6,30,6,2118,2045,59,2340,AA,954,N5FKAA,221,175,140,79,33,MIA,LGA,1097,50,31,0,,0,0,4,46,0,29
2007,6,12,2,1930,1830,2022,1930,AA,1011,N3DHAA,52,60,38,52,60,MIA,MCO,193,4,10,0,,0,0,52,0,0,0
2007,6,17,7,2216,1835,2322,1935,AA,1011,N3DDAA,66,60,38,227,221,MIA,MCO,193,4,24,0,,0,0,221,6,0,0
2007,6,18,1,1915,1835,2053,1935,AA,1011,N3DFAA,98,60,35,78,40,MIA,MCO,193,5,58,0,,0,0,40,38,0,0
2007,6,24,7,1918,1835,2016,1935,AA,1011,N3CHAA,58,60,37,41,43,MIA,MCO,193,6,15,0,,0,10,31,0,0,0
2007,6,30,6,1945,1835,2043,1935,AA,1011,N3DJAA,58,60,39,68,70,MIA,MCO,193,4,15,0,,0,0,18,0,0,50
2007,6,6,3,1225,1145,1353,1300,AA,1024,N3BWAA,148,135,111,53,40,MIA,BNA,806,7,30,0,,0,0,28,13,0,12
2007,6,15,5,2119,2050,8,2350,AA,1050,N5EFAA,169,180,149,18,29,MIA,EWR,1086,4,16,0,,0,0,18,0,0,0
2007,6,17,7,2259,2050,204,2350,AA,1050,N5DNAA,185,180,145,134,129,MIA,EWR,1086,6,34,0,,0,0,108,5,0,21
2007,6,18,1,2240,2050,138,2350,AA,1050,N5DAAA,178,180,155,108,110,MIA,EWR,1086,6,17,0,,0,0,108,0,0,0
2007,6,30,6,42,2050,313,2350,AA,1050,N5CDAA,151,180,134,203,232,MIA,EWR,1086,7,10,0,,0,0,23,0,0,180
2007,6,15,5,2121,2100,2352,2325,AA,1078,N5EHAA,151,145,118,27,21,MIA,BWI,946,7,26,0,,0,0,21,6,0,0
2007,6,17,7,2208,2100,25,2325,AA,1078,N5DPAA,137,145,120,60,68,MIA,BWI,946,5,12,0,,0,0,60,0,0,0
2007,6,18,1,2152,2100,15,2325,AA,1078,N5EFAA,143,145,127,50,52,MIA,BWI,946,4,12,0,,0,0,24,0,0,26
2007,6,30,6,2212,2100,33,2325,AA,1078,N5EPAA,141,145,119,68,72,MIA,BWI,946,5,17,0,,0,0,54,0,0,14
2007,6,8,5,1559,1430,1916,1655,AA,1094,N3CNAA,197,145,127,141,89,MIA,DCA,920,9,61,0,,0,0,51,52,0,38
2007,6,14,4,1622,1435,1924,1659,AA,1094,N3AJAA,182,144,121,145,107,MIA,DCA,920,46,15,0,,0,0,55,38,0,52
2007,6,17,7,1827,1435,2102,1659,AA,1094,N3DLAA,155,144,122,243,232,MIA,DCA,920,5,28,0,,0,0,145,11,0,87
2007,6,21,4,1519,1435,1738,1659,AA,1094,N3DBAA,139,144,120,39,44,MIA,DCA,920,3,16,0,,0,0,24,0,0,15
2007,6,12,2,1842,1540,2113,1805,AA,1099,N050AA,151,145,124,188,182,MIA,SJU,1045,5,22,0,,0,0,182,6,0,0
2007,6,14,4,1647,1540,1930,1809,AA,1099,N082AA,163,149,130,81,67,MIA,SJU,1045,10,23,0,,0,0,29,14,0,38
2007,6,17,7,1859,1540,2130,1809,AA,1099,N069AA,151,149,128,201,199,MIA,SJU,1045,5,18,0,,0,0,172,2,0,27
2007,6,12,2,1811,1615,2038,1825,AA,1115,N7AEAA,207,190,163,133,116,MIA,ORD,1197,7,37,0,,0,0,20,17,0,96
2007,6,13,3,1834,1615,2039,1825,AA,1115,N7CCAA,185,190,164,134,139,MIA,ORD,1197,6,15,0,,0,0,81,0,0,53
2007,6,14,4,1658,1615,1904,1825,AA,1115,N7BYAA,186,190,165,39,43,MIA,ORD,1197,4,17,0,,0,0,39,0,0,0
2007,6,17,7,1905,1615,2129,1825,AA,1115,N7BKAA,204,190,156,184,170,MIA,ORD,1197,6,42,0,,0,0,170,14,0,0
2007,6,28,4,1651,1615,1916,1825,AA,1115,N7ANAA,205,190,174,51,36,MIA,ORD,1197,8,23,0,,0,0,36,15,0,0
2007,6,8,5,1814,1740,1921,1840,AA,1169,N3DEAA,67,60,40,41,34,MIA,TPA,204,6,21,0,,0,0,16,7,0,18
2007,6,12,2,1804,1740,1930,1840,AA,1169,N3CWAA,86,60,41,50,24,MIA,TPA,204,3,42,0,,0,0,9,26,0,15
2007,6,13,3,1816,1740,1916,1840,AA,1169,N3CAAA,60,60,39,36,36,MIA,TPA,204,4,17,0,,0,0,36,0,0,0
2007,6,17,7,2007,1740,2109,1840,AA,1169,N3CWAA,62,60,38,149,147,MIA,TPA,204,3,21,0,,0,0,139,2,0,8
2007,6,18,1,1840,1740,2031,1840,AA,1169,N3AJAA,111,60,36,111,60,MIA,TPA,204,3,72,0,,0,0,27,51,0,33
2007,6,24,7,2005,1740,2103,1840,AA,1169,N3CMAA,58,60,38,143,145,MIA,TPA,204,5,15,0,,0,99,44,0,0,0
2007,6,30,6,1824,1740,1929,1840,AA,1169,N3ANAA,65,60,40,49,44,MIA,TPA,204,7,18,0,,0,0,36,5,0,8
2007,6,12,2,2144,2105,37,2325,AA,1200,N3CWAA,173,140,119,72,39,MIA,DCA,920,45,9,0,,0,0,10,33,0,29
2007,6,15,5,2151,2105,14,2330,AA,1200,N3AUAA,143,145,124,44,46,MIA,DCA,920,4,15,0,,0,0,21,0,0,23
2007,6,17,7,2320,2105,149,2330,AA,1200,N3CWAA,149,145,119,139,135,MIA,DCA,920,7,23,0,,0,0,9,4,0,126
2007,6,18,1,2258,2105,114,2330,AA,1200,N3AJAA,136,145,122,104,113,MIA,DCA,920,3,11,0,,0,0,24,0,0,80
2007,6,30,6,2219,2105,40,2330,AA,1200,N3ANAA,141,145,121,70,74,MIA,DCA,920,5,15,0,,0,0,41,0,0,29
2007,6,8,5,1818,1735,2153,2035,AA,1206,N3DFAA,215,180,182,78,43,MIA,DTW,1145,7,26,0,,0,0,9,35,0,34
2007,6,12,2,1812,1735,2134,2035,AA,1206,N3ATAA,202,180,154,59,37,MIA,DTW,1145,7,41,0,,0,0,37,22,0,0
2007,6,13,3,2014,1735,2339,2035,AA,1206,N3BWAA,205,180,167,184,159,MIA,DTW,1145,9,29,0,,0,0,11,25,0,148
2007,6,14,4,1829,1740,2123,2035,AA,1206,N3ADAA,174,175,154,48,49,MIA,DTW,1145,9,11,0,,0,0,10,0,0,38
2007,6,17,7,2036,1740,2343,2035,AA,1206,N3AEAA,187,175,146,188,176,MIA,DTW,1145,5,36,0,,0,0,21,12,0,155
2007,6,21,4,1814,1740,2116,2035,AA,1206,N3BYAA,182,175,155,41,34,MIA,DTW,1145,4,23,0,,0,0,9,7,0,25
2007,6,13,3,1738,1610,2119,1910,AA,1228,N3ABAA,221,180,177,129,88,MIA,LGA,1097,19,25,0,,0,0,38,91,0,0
2007,6,17,7,1831,1615,2127,1915,AA,1228,N3BKAA,176,180,156,132,136,MIA,LGA,1097,4,16,0,,0,0,120,0,0,12
2007,6,18,1,1742,1615,2041,1915,AA,1228,N3DKAA,179,180,150,86,87,MIA,LGA,1097,10,19,0,,0,0,18,0,0,68
2007,6,8,5,1618,1440,1819,1640,AA,1230,N3CPAA,121,120,102,99,98,MIA,RDU,700,5,14,0,,0,0,10,1,0,88
2007,6,14,4,1537,1445,1729,1645,AA,1230,N3BGAA,112,120,98,44,52,MIA,RDU,700,5,9,0,,0,0,10,0,0,34
2007,6,18,1,1603,1445,1801,1645,AA,1230,N3CVAA,118,120,100,76,78,MIA,RDU,700,7,11,0,,0,0,32,0,0,44
2007,6,29,5,845,825,944,925,AA,1234,N3DAAA,59,60,33,19,20,MIA,TPA,204,5,21,0,,0,0,7,0,0,12
2007,6,17,7,2212,2020,54,2305,AA,1236,N5EBAA,342,345,322,109,112,MIA,SFO,2585,5,15,0,,0,0,6,0,0,103
2007,6,18,1,2138,2020,18,2305,AA,1236,N5CMAA,340,345,314,73,78,MIA,SFO,2585,3,23,0,,0,0,73,0,0,0
2007,6,26,2,2057,2020,2331,2305,AA,1236,N5FEAA,334,345,314,26,37,MIA,SFO,2585,5,15,0,,0,0,7,0,0,19
2007,6,30,6,2155,2020,20,2305,AA,1236,N5FNAA,325,345,305,75,95,MIA,SFO,2585,2,18,0,,0,0,66,0,0,9
2007,6,12,2,2105,1915,2321,2125,AA,1283,N5FBAA,196,190,169,116,110,MIA,ORD,1197,4,23,0,,0,0,10,6,0,100
2007,6,17,7,2318,1925,106,2130,AA,1283,N5FBAA,168,185,153,216,233,MIA,ORD,1197,2,13,0,,0,0,50,0,0,166
2007,6,18,1,2057,1925,2316,2130,AA,1283,N5DEAA,199,185,170,106,92,MIA,ORD,1197,11,18,0,,0,0,55,14,0,37
2007,6,24,7,2011,1925,2211,2130,AA,1283,N624AA,180,185,160,41,46,MIA,ORD,1197,9,11,0,,0,0,6,0,0,35
2007,6,12,2,1950,1915,2327,2135,AA,1290,N3BKAA,217,140,121,112,35,MIA,DCA,920,6,90,0,,0,0,17,77,0,18
2007,6,17,7,2241,1915,101,2140,AA,1290,N3DBAA,140,145,121,201,206,MIA,DCA,920,6,13,0,,0,0,104,0,0,97
2007,6,18,1,2114,1915,2346,2140,AA,1290,N3AKAA,152,145,125,126,119,MIA,DCA,920,12,15,0,,0,0,90,7,0,29
2007,6,24,7,1938,1915,2202,2140,AA,1290,N3CGAA,144,145,130,22,23,MIA,DCA,920,5,9,0,,0,0,8,0,0,14
2007,6,30,6,2017,1915,2254,2140,AA,1290,N3BXAA,157,145,123,74,62,MIA,DCA,920,19,15,0,,0,0,42,12,0,20
2007,6,12,2,1932,1705,2200,1930,AA,1299,N5CYAA,148,145,125,150,147,MIA,SJU,1045,6,17,0,,0,0,14,3,0,133
2007,6,13,3,1827,1705,2045,1930,AA,1299,N610AA,138,145,124,75,82,MIA,SJU,1045,4,10,0,,0,0,75,0,0,0
2007,6,17,7,2133,1700,2353,1933,AA,1299,N5EHAA,140,153,123,260,273,MIA,SJU,1045,6,11,0,,0,0,96,0,0,164
2007,6,18,1,1814,1700,2037,1933,AA,1299,N625AA,143,153,126,64,74,MIA,SJU,1045,4,13,0,,0,29,35,0,0,0
2007,6,27,3,1728,1700,2005,1933,AA,1299,N5EYAA,157,153,138,32,28,MIA,SJU,1045,7,12,0,,0,0,28,4,0,0
2007,6,30,6,2039,1700,2328,1933,AA,1299,N632AA,169,153,126,235,219,MIA,SJU,1045,5,38,0,,0,180,39,16,0,0
2007,6,21,4,1409,1330,1706,1625,AA,1332,N3ALAA,177,175,150,41,39,MIA,LGA,1097,8,19,0,,0,0,15,2,0,24
2007,6,17,7,1844,1700,2142,2000,AA,1382,N5DCAA,178,180,156,102,104,MIA,LGA,1097,3,19,0,,0,0,102,0,0,0
2007,6,21,4,2159,1700,112,2000,AA,1382,N630AA,193,180,169,312,299,MIA,LGA,1097,9,15,0,,0,0,299,13,0,0
2007,6,6,3,1303,1225,1602,1515,AA,1414,N328AA,179,170,138,47,38,MIA,JFK,1090,5,36,0,,0,0,38,9,0,0
2007,6,12,2,1724,1225,2038,1515,AA,1414,N323AA,194,170,158,323,299,MIA,JFK,1090,10,26,0,,0,0,299,24,0,0
2007,6,12,2,1854,1810,2116,2025,AA,1447,N5DRAA,202,195,168,51,44,MIA,ORD,1197,11,23,0,,0,0,8,7,0,36
2007,6,13,3,1923,1810,2142,2025,AA,1447,N612AA,199,195,165,77,73,MIA,ORD,1197,6,28,0,,0,0,4,4,0,69
2007,6,17,7,2126,1820,2321,2030,AA,1447,N613AA,175,190,157,171,186,MIA,ORD,1197,4,14,0,,0,0,17,0,0,154
2007,6,18,1,2021,1820,2250,2030,AA,1447,N5DCAA,209,190,184,140,121,MIA,ORD,1197,9,16,0,,0,0,41,99,0,0
2007,6,24,7,1858,1820,2106,2030,AA,1447,N632AA,188,190,157,36,38,MIA,ORD,1197,7,24,0,,0,0,36,0,0,0
2007,6,17,7,2123,1955,2327,2145,AA,1521,N611AA,304,290,270,102,88,MIA,LAS,2175,8,26,0,,0,0,32,14,0,56
2007,6,18,1,2048,1955,2240,2145,AA,1521,N642AA,292,290,272,55,53,MIA,LAS,2175,6,14,0,,0,0,53,2,0,0
2007,6,30,6,2049,1955,2230,2145,AA,1521,N5DLAA,281,290,260,45,54,MIA,LAS,2175,7,14,0,,0,0,8,0,0,37
2007,6,30,6,2319,2240,4,2330,AA,1539,N3ATAA,105,110,89,34,39,MIA,MSY,674,3,13,0,,0,0,16,0,0,18
2007,6,12,2,2055,2035,2322,2300,AA,1564,N3CLAA,147,145,118,22,20,MIA,IAD,921,8,21,0,,0,0,8,2,0,12
2007,6,17,7,2158,2035,27,2301,AA,1564,N3CSAA,149,146,123,86,83,MIA,IAD,921,8,18,0,,0,0,4,3,0,79
2007,6,18,1,2212,2035,56,2301,AA,1564,N3BSAA,164,146,124,115,97,MIA,IAD,921,7,33,0,,0,0,78,18,0,19
2007,6,30,6,2102,2035,2331,2301,AA,1564,N3ACAA,149,146,123,30,27,MIA,IAD,921,6,20,0,,0,0,22,3,0,5
2007,6,6,3,1340,1310,1610,1525,AA,1565,N5CWAA,210,195,167,45,30,MIA,ORD,1197,13,30,0,,0,0,30,15,0,0
2007,6,8,5,1530,1310,1819,1525,AA,1565,N5DLAA,229,195,201,174,140,MIA,ORD,1197,8,20,0,,0,0,140,34,0,0
2007,6,21,4,1416,1310,1623,1520,AA,1565,N389AA,187,190,167,63,66,MIA,ORD,1197,6,14,0,,0,0,63,0,0,0
2007,6,15,5,2156,2105,2348,2300,AA,1748,N3BYAA,112,115,86,48,51,MIA,ATL,595,9,17,0,,0,0,34,0,0,14
2007,6,17,7,2213,2105,2400,2300,AA,1748,N3CPAA,107,115,84,60,68,MIA,ATL,595,7,16,0,,0,0,28,0,0,32
2007,6,18,1,2206,2105,22,2300,AA,1748,N3CBAA,136,115,86,82,61,MIA,ATL,595,8,42,0,,0,0,4,21,0,57
2007,6,30,6,2308,2105,50,2300,AA,1748,N3APAA,102,115,83,110,123,MIA,ATL,595,7,12,0,,0,0,67,0,0,43
2007,6,12,2,1650,1455,1843,1650,AA,1762,N3CVAA,113,115,89,113,115,MIA,ATL,595,10,14,0,,0,0,102,0,0,11
2007,6,18,1,1538,1445,1739,1645,AA,1762,N3CAAA,121,120,89,54,53,MIA,ATL,595,11,21,0,,0,0,41,1,0,12
2007,6,8,5,1607,1435,1713,1535,AA,1778,N3BLAA,66,60,40,98,92,MIA,TPA,204,3,23,0,,0,0,6,6,0,86
2007,6,14,4,1530,1430,1625,1530,AA,1778,N3AUAA,55,60,40,55,60,MIA,TPA,204,2,13,0,,0,0,55,0,0,0
2007,6,21,4,1524,1430,1619,1530,AA,1778,N3DGAA,55,60,38,49,54,MIA,TPA,204,4,13,0,,0,0,23,0,0,26
2007,6,15,5,2135,2050,36,2359,AA,1780,N5CWAA,181,189,157,37,45,MIA,BOS,1258,5,19,0,,0,0,37,0,0,0
2007,6,17,7,2213,2050,119,2359,AA,1780,N5CBAA,186,189,165,80,83,MIA,BOS,1258,4,17,0,,0,0,56,0,0,24
2007,6,30,6,2155,2050,54,2359,AA,1780,N618AA,179,189,155,55,65,MIA,BOS,1258,4,20,0,,0,0,42,0,0,13
2007,6,17,7,2038,1830,2318,2129,AA,1812,N5DYAA,160,179,142,109,128,MIA,LGA,1097,5,13,0,,0,0,40,0,0,69
2007,6,18,1,2007,1830,2253,2129,AA,1812,N5FFAA,166,179,147,84,97,MIA,LGA,1097,8,11,0,,0,0,41,0,0,43
2007,6,24,7,1948,1830,2232,2129,AA,1812,N637AA,164,179,145,63,78,MIA,LGA,1097,3,16,0,,0,0,41,0,0,22
2007,6,6,3,1319,1220,1550,1425,AA,1818,N611AA,211,185,160,85,59,MIA,DFW,1121,7,44,0,,0,0,25,26,0,34
2007,6,8,5,1649,1530,1859,1750,AA,1825,N611AA,310,320,282,69,79,MIA,LAS,2175,6,22,0,,0,0,69,0,0,0
2007,6,12,2,1716,1530,1932,1750,AA,1825,N5BTAA,316,320,283,102,106,MIA,LAS,2175,9,24,0,,0,0,102,0,0,0
2007,6,14,4,1627,1540,1826,1735,AA,1825,N629AA,299,295,276,51,47,MIA,LAS,2175,6,17,0,,0,0,47,4,0,0
2007,6,17,7,1802,1540,2011,1735,AA,1825,N5CKAA,309,295,286,156,142,MIA,LAS,2175,8,15,0,,0,0,142,14,0,0
2007,6,18,1,1652,1540,1906,1735,AA,1825,N634AA,314,295,273,91,72,MIA,LAS,2175,11,30,0,,0,0,27,19,0,45
2007,6,15,5,2152,2045,18,2300,AA,1830,N5FCAA,326,315,294,78,67,MIA,LAX,2342,8,24,0,,0,0,10,11,0,57
2007,6,17,7,2215,2045,29,2300,AA,1830,N5FCAA,314,315,286,89,90,MIA,LAX,2342,10,18,0,,0,0,29,0,0,60
2007,6,18,1,2200,2045,36,2300,AA,1830,N5FSAA,336,315,291,96,75,MIA,LAX,2342,15,30,0,,0,0,31,21,0,44
2007,6,24,7,2110,2045,2329,2300,AA,1830,N5EWAA,319,315,284,29,25,MIA,LAX,2342,16,19,0,,0,0,25,4,0,0
2007,6,30,6,2122,2045,2354,2300,AA,1830,N5FBAA,332,315,272,54,37,MIA,LAX,2342,24,36,0,,0,0,36,17,0,1
2007,6,8,5,1918,1720,2131,1920,AA,1860,N3ARAA,133,120,98,131,118,MIA,ATL,595,15,20,0,,0,0,59,13,0,59
2007,6,13,3,1821,1720,2017,1920,AA,1860,N3BYAA,116,120,90,57,61,MIA,ATL,595,12,14,0,,0,0,57,0,0,0
2007,6,14,4,1749,1720,2022,1925,AA,1860,N3DAAA,153,125,119,57,29,MIA,ATL,595,21,13,0,,0,0,29,28,0,0
2007,6,16,6,1828,1720,2022,1925,AA,1860,N3DEAA,114,125,89,57,68,MIA,ATL,595,13,12,0,,0,39,18,0,0,0
2007,6,17,7,1858,1720,2112,1925,AA,1860,N3CTAA,134,125,87,107,98,MIA,ATL,595,14,33,0,,0,0,52,9,0,46
2007,6,18,1,1744,1720,1955,1925,AA,1860,N3AYAA,131,125,91,30,24,MIA,ATL,595,13,27,0,,0,0,8,6,0,16
2007,6,3,7,1907,1840,2137,2045,AA,1865,N636AA,210,185,159,52,27,MIA,DFW,1121,35,16,0,,0,0,27,25,0,0
2007,6,4,1,1914,1840,2155,2045,AA,1865,N5BUAA,221,185,189,70,34,MIA,DFW,1121,15,17,0,,0,0,34,36,0,0
2007,6,8,5,2029,1840,2247,2045,AA,1865,N617AA,198,185,164,122,109,MIA,DFW,1121,10,24,0,,0,0,20,13,0,89
2007,6,12,2,1955,1840,2201,2045,AA,1865,N5CMAA,186,185,152,76,75,MIA,DFW,1121,8,26,0,,0,0,20,1,0,55
2007,6,13,3,1942,1840,2138,2045,AA,1865,N634AA,176,185,157,53,62,MIA,DFW,1121,6,13,0,,0,0,29,0,0,24
2007,6,16,6,1948,1840,2144,2040,AA,1865,N5CDAA,176,180,156,64,68,MIA,DFW,1121,7,13,0,,0,0,54,0,0,10
2007,6,17,7,2109,1840,2313,2040,AA,1865,N629AA,184,180,150,153,149,MIA,DFW,1121,7,27,0,,0,0,53,4,0,96
2007,6,22,5,1948,1840,2148,2040,AA,1865,N641AA,180,180,153,68,68,MIA,DFW,1121,13,14,0,,0,0,68,0,0,0
2007,6,24,7,1909,1840,2101,2040,AA,1865,N5FEAA,172,180,145,21,29,MIA,DFW,1121,10,17,0,,0,0,4,0,0,17
2007,6,29,5,1917,1840,2201,2040,AA,1865,N5TJAA,224,180,146,81,37,MIA,DFW,1121,23,55,0,,0,0,15,44,0,22
2007,6,30,6,2000,1840,2214,2040,AA,1865,N5DCAA,194,180,148,94,80,MIA,DFW,1121,28,18,0,,0,0,64,14,0,16
2007,6,12,2,1918,1810,2310,2125,AA,1888,N5ESAA,232,195,168,105,68,MIA,BOS,1258,5,59,0,,0,0,38,37,0,30
2007,6,17,7,2035,1810,2343,2120,AA,1888,N5EYAA,188,190,166,143,145,MIA,BOS,1258,4,18,0,,0,0,26,0,0,117
2007,6,18,1,1828,1810,2139,2120,AA,1888,N5EUAA,191,190,172,19,18,MIA,BOS,1258,7,12,0,,0,0,18,1,0,0
2007,6,24,7,1850,1810,2203,2120,AA,1888,N5FDAA,193,190,169,43,40,MIA,BOS,1258,5,19,0,,0,0,40,3,0,0
2007,6,30,6,1945,1810,2305,2120,AA,1888,N5DJAA,200,190,158,105,95,MIA,BOS,1258,6,36,0,,0,0,48,10,0,47
2007,6,3,7,1719,1635,1918,1840,AA,1945,N7AUAA,179,185,167,38,44,MIA,DFW,1121,5,7,0,,0,0,38,0,0,0
2007,6,8,5,1701,1635,1859,1840,AA,1945,N7AFAA,178,185,141,19,26,MIA,DFW,1121,13,24,0,,0,0,19,0,0,0
2007,6,12,2,1733,1635,2003,1840,AA,1945,N7AVAA,210,185,157,83,58,MIA,DFW,1121,3,50,0,,0,0,58,25,0,0
2007,6,16,6,1708,1635,1903,1830,AA,1945,N7BHAA,175,175,143,33,33,MIA,DFW,1121,11,21,0,,0,0,33,0,0,0
2007,6,17,7,1821,1635,2012,1830,AA,1945,N7ADAA,171,175,142,102,106,MIA,DFW,1121,7,22,0,,0,0,102,0,0,0
2007,6,29,5,1801,1635,2046,1830,AA,1945,N7ARAA,225,175,199,136,86,MIA,DFW,1121,9,17,0,,0,0,86,50,0,0
2007,6,30,6,1820,1635,2020,1830,AA,1945,N7AUAA,180,175,148,110,105,MIA,DFW,1121,16,16,0,,0,0,105,5,0,0
2007,6,1,5,2357,2225,56,2320,AA,1946,N625AA,59,55,31,96,92,MIA,MCO,193,5,23,0,,0,0,7,4,0,85
2007,6,17,7,2324,2230,22,2330,AA,1946,N5CLAA,58,60,35,52,54,MIA,MCO,193,5,18,0,,0,0,33,0,0,19
2007,6,18,1,2350,2230,43,2330,AA,1946,N5CVAA,53,60,34,73,80,MIA,MCO,193,6,13,0,,0,0,21,0,0,52
2007,6,21,4,24,2230,111,2330,AA,1946,N5EGAA,47,60,31,101,114,MIA,MCO,193,3,13,0,,0,0,56,0,0,45
2007,6,12,2,1744,1605,1910,1705,AA,1990,N5CPAA,86,60,36,125,99,MIA,MCO,193,4,46,0,,0,0,99,26,0,0
2007,6,14,4,1749,1610,1847,1715,AA,1990,N5FKAA,58,65,34,92,99,MIA,MCO,193,3,21,0,,0,0,31,0,0,61
2007,6,17,7,1848,1610,2030,1715,AA,1990,N5CRAA,102,65,36,195,158,MIA,MCO,193,5,61,0,,0,0,69,37,0,89
2007,6,21,4,1704,1610,1810,1715,AA,1990,N5EFAA,66,65,44,55,54,MIA,MCO,193,5,17,0,,0,0,13,1,0,41
2007,6,30,6,2107,1610,2211,1715,AA,1990,N5CDAA,64,65,39,296,297,MIA,MCO,193,4,21,0,,0,0,19,0,0,277
2007,6,8,5,1650,1525,2012,1815,AA,2021,N3CDAA,202,170,148,117,85,MIA,PHL,1013,8,46,0,,0,0,11,32,0,74
2007,6,14,4,1549,1525,1833,1810,AA,2021,N3DBAA,164,165,139,23,24,MIA,PHL,1013,12,13,0,,0,0,18,0,0,5
2007,6,17,7,1818,1525,2050,1810,AA,2021,N3CKAA,152,165,134,160,173,MIA,PHL,1013,4,14,0,,0,0,160,0,0,0
2007,6,18,1,1603,1525,1840,1810,AA,2021,N3CGAA,157,165,134,30,38,MIA,PHL,1013,7,16,0,,0,0,30,0,0,0
2007,6,21,4,1543,1525,1833,1810,AA,2021,N3CTAA,170,165,147,23,18,MIA,PHL,1013,9,14,0,,0,0,18,5,0,0
2007,6,15,5,2113,2050,2332,2255,AA,2039,N5DDAA,199,185,161,37,23,MIA,ORD,1197,4,34,0,,0,0,23,14,0,0
2007,6,17,7,2210,2050,6,2255,AA,2039,N633AA,176,185,154,71,80,MIA,ORD,1197,6,16,0,,0,0,71,0,0,0
2007,6,30,6,2205,2050,3,2255,AA,2039,N5CMAA,178,185,153,68,75,MIA,ORD,1197,5,20,0,,0,0,59,0,0,9
2007,6,17,7,1316,1110,1411,1210,AA,2064,N5CRAA,55,60,39,121,126,MIA,MCO,193,3,13,0,,0,0,19,0,0,102
2007,6,8,5,1641,1600,1908,1830,AA,2078,N613AA,147,150,129,38,41,MIA,BWI,946,5,13,0,,0,0,6,0,0,32
2007,6,12,2,1956,1600,2347,1830,AA,2078,N5FHAA,231,150,135,317,236,MIA,BWI,946,6,90,0,,0,0,9,81,0,227
2007,6,17,7,1821,1605,2045,1835,AA,2078,N5CWAA,144,150,122,130,136,MIA,BWI,946,5,17,0,,0,0,126,0,0,4
2007,6,18,1,1719,1605,1942,1835,AA,2078,N5BTAA,143,150,125,67,74,MIA,BWI,946,3,15,0,,0,0,34,0,0,33
2007,6,21,4,1655,1605,1926,1835,AA,2078,N5EGAA,151,150,133,51,50,MIA,BWI,946,6,12,0,,0,0,28,1,0,22
2007,6,12,2,1718,1455,2130,1810,AA,2090,N630AA,252,195,172,200,143,MIA,BOS,1258,6,74,0,,0,0,142,57,0,1
2007,6,14,4,1605,1500,1932,1815,AA,2090,N642AA,207,195,180,77,65,MIA,BOS,1258,9,18,0,,0,0,29,12,0,36
2007,6,17,7,1759,1500,2111,1815,AA,2090,N625AA,192,195,173,176,179,MIA,BOS,1258,7,12,0,,0,0,176,0,0,0
2007,6,18,1,1532,1500,1843,1815,AA,2090,N5EPAA,191,195,166,28,32,MIA,BOS,1258,8,17,0,,0,0,28,0,0,0
2007,6,21,4,1527,1500,1900,1815,AA,2090,N618AA,213,195,189,45,27,MIA,BOS,1258,9,15,0,,0,0,27,18,0,0
2007,6,12,2,2020,1940,2239,2220,AA,2104,N3AUAA,319,340,287,19,40,MIA,LAX,2342,11,21,0,,0,0,3,0,0,16
2007,6,15,5,2105,1945,2354,2200,AA,2104,N3BHAA,349,315,297,114,80,MIA,LAX,2342,13,39,0,,0,0,59,34,0,21
2007,6,17,7,2055,1945,2328,2200,AA,2104,N3CRAA,333,315,296,88,70,MIA,LAX,2342,8,29,0,,0,0,48,18,0,22
2007,6,18,1,2056,1945,2338,2200,AA,2104,N3DJAA,342,315,297,98,71,MIA,LAX,2342,16,29,0,,0,0,71,27,0,0
2007,6,30,6,2022,1945,2230,2200,AA,2104,N3BVAA,308,315,279,30,37,MIA,LAX,2342,14,15,0,,0,0,25,0,0,5
2007,6,8,5,1612,1510,2055,1805,AA,2110,N052AA,283,175,173,170,62,MIA,JFK,1090,29,81,0,,0,0,62,108,0,0
2007,6,13,3,1805,1510,2113,1805,AA,2110,N063AA,188,175,157,188,175,MIA,JFK,1090,11,20,0,,0,125,50,13,0,0
2007,6,17,7,1527,1510,1827,1810,AA,2110,N073AA,180,180,143,17,17,MIA,JFK,1090,22,15,0,,0,0,17,0,0,0
2007,6,18,1,1556,1510,1833,1810,AA,2110,N056AA,157,180,137,23,46,MIA,JFK,1090,5,15,0,,0,0,23,0,0,0
2007,6,21,4,1556,1510,1913,1810,AA,2110,N075AA,197,180,169,63,46,MIA,JFK,1090,9,19,0,,0,0,46,17,0,0
2007,6,15,5,2130,2100,23,2335,AA,2128,N3AGAA,233,215,207,48,30,MIA,MSP,1501,7,19,0,,0,0,30,18,0,0
2007,6,17,7,2159,2100,29,2335,AA,2128,N3CBAA,210,215,186,54,59,MIA,MSP,1501,6,18,0,,0,0,54,0,0,0
2007,6,18,1,2300,2100,128,2335,AA,2128,N3CVAA,208,215,190,113,120,MIA,MSP,1501,5,13,0,,0,0,41,0,0,72
2007,6,13,3,1802,1715,2235,1940,AA,2172,N3CGAA,273,145,135,175,47,MIA,DCA,920,5,133,0,,0,0,47,128,0,0
2007,6,17,7,2056,1725,2327,1950,AA,2172,N3CFAA,151,145,121,217,211,MIA,DCA,920,3,27,0,,0,0,21,6,0,190
2007,6,18,1,1811,1725,2041,1950,AA,2172,N3APAA,150,145,128,51,46,MIA,DCA,920,5,17,0,,0,0,46,5,0,0
2007,6,1,5,1956,1915,2137,2100,AA,2190,N620AA,161,165,137,37,41,MIA,STL,1068,3,21,0,,0,0,16,0,0,21
2007,6,8,5,1931,1915,2125,2100,AA,2190,N5CSAA,174,165,151,25,16,MIA,STL,1068,3,20,0,,0,0,9,9,0,7
2007,6,12,2,2005,1915,2152,2100,AA,2190,N5DAAA,167,165,151,52,50,MIA,STL,1068,2,14,0,,0,0,13,2,0,37
2007,6,13,3,1936,1915,2120,2100,AA,2190,N625AA,164,165,148,20,21,MIA,STL,1068,4,12,0,,0,0,2,0,0,18
2007,6,17,7,2044,1915,2219,2050,AA,2190,N5DTAA,155,155,137,89,89,MIA,STL,1068,3,15,0,,0,0,21,0,0,68
2007,6,18,1,2033,1915,2207,2050,AA,2190,N616AA,154,155,134,77,78,MIA,STL,1068,3,17,0,,0,0,45,0,0,32
2007,6,24,7,2016,1915,2159,2050,AA,2190,N5CJAA,163,155,144,69,61,MIA,STL,1068,4,15,0,,0,0,30,8,0,31
2007,6,18,1,2203,2100,2331,2230,AA,2192,N3BLAA,148,150,130,61,63,MIA,IAH,964,5,13,0,,0,0,22,0,0,39
2007,6,30,6,2129,2100,2304,2230,AA,2192,N3CCAA,155,150,122,34,29,MIA,IAH,964,5,28,0,,0,0,1,5,0,28
2007,6,8,5,1712,1610,2015,1835,AA,2198,N3CGAA,183,145,140,100,62,MIA,DCA,920,10,33,0,,0,0,43,38,0,19
2007,6,12,2,1858,1610,2335,1835,AA,2198,N3DKAA,277,145,121,300,168,MIA,DCA,920,10,146,0,,0,0,65,132,0,103
2007,6,17,7,1806,1619,2056,1843,AA,2198,N3BUAA,170,144,126,133,107,MIA,DCA,920,4,40,0,,0,0,107,26,0,0
2007,6,18,1,1714,1619,1937,1843,AA,2198,N3CJAA,143,144,124,54,55,MIA,DCA,920,4,15,0,,0,0,1,0,0,53
2007,6,14,4,1451,1350,1732,1545,AA,2205,N634AA,221,175,157,107,61,MIA,DFW,1121,7,57,0,,0,0,61,46,0,0
2007,6,17,7,1923,1350,2116,1545,AA,2205,N7AXAA,173,175,147,331,333,MIA,DFW,1121,7,19,0,,0,0,265,0,0,66
2007,6,21,4,1413,1350,1601,1545,AA,2205,N638AA,168,175,146,16,23,MIA,DFW,1121,10,12,0,,0,0,16,0,0,0
2007,6,15,5,2116,2035,2319,2235,AA,2298,N3AFAA,123,120,96,44,41,MIA,RDU,700,5,22,0,,0,0,41,3,0,0
2007,6,17,7,2226,2035,30,2235,AA,2298,N3AVAA,124,120,93,115,111,MIA,RDU,700,6,25,0,,0,0,20,4,0,91
2007,6,18,1,2138,2035,2338,2235,AA,2298,N3BJAA,120,120,98,63,63,MIA,RDU,700,3,19,0,,0,0,63,0,0,0
2007,7,5,4,1752,1455,2008,1710,AA,247,N5FCAA,316,315,286,178,177,MIA,LAX,2342,6,24,0,,0,0,45,1,0,132
2007,7,22,7,1538,1455,1821,1710,AA,247,N5EXAA,343,315,285,71,43,MIA,LAX,2342,16,42,0,,0,0,19,28,0,24
2007,7,29,7,1634,1455,1835,1710,AA,247,N5DKAA,301,315,274,85,99,MIA,LAX,2342,9,18,0,,0,0,85,0,0,0
2007,7,2,1,1706,1620,1916,1840,AA,267,N5EXAA,310,320,282,36,46,MIA,LAX,2342,7,21,0,,0,0,36,0,0,0
2007,7,4,3,1933,1620,2153,1840,AA,267,N5ERAA,320,320,299,193,193,MIA,LAX,2342,8,13,0,,0,0,20,0,0,173
2007,7,5,4,1845,1620,2108,1840,AA,267,N5DHAA,323,320,283,148,145,MIA,LAX,2342,10,30,0,,0,0,74,3,0,71
2007,7,11,3,1645,1620,1900,1840,AA,267,N5FAAA,315,320,282,20,25,MIA,LAX,2342,7,26,0,,0,0,20,0,0,0
2007,7,21,6,1741,1620,2015,1840,AA,267,N5ESAA,334,320,291,95,81,MIA,LAX,2342,21,22,0,,0,0,73,14,0,8
2007,7,27,5,1847,1620,2113,1840,AA,267,N5DGAA,326,320,288,153,147,MIA,LAX,2342,10,28,0,,0,0,53,6,0,94
2007,7,29,7,1825,1620,2033,1840,AA,267,N5FAAA,308,320,283,113,125,MIA,LAX,2342,5,20,0,,0,0,32,0,0,81
2007,7,4,3,1744,1435,2026,1720,AA,311,N5CGAA,342,345,320,186,189,MIA,SFO,2585,4,18,0,,0,0,152,0,0,34
2007,7,5,4,1846,1435,2152,1720,AA,311,N5EKAA,366,345,313,272,251,MIA,SFO,2585,16,37,0,,0,0,121,21,0,130
2007,7,24,2,1527,1435,1811,1720,AA,311,N630AA,344,345,323,51,52,MIA,SFO,2585,7,14,0,,0,0,51,0,0,0
2007,7,27,5,1602,1435,1846,1720,AA,311,N621AA,344,345,316,86,87,MIA,SFO,2585,6,22,0,,0,0,15,35,0,36
2007,7,29,7,1653,1435,1912,1720,AA,311,N5EXAA,319,345,301,112,138,MIA,SFO,2585,4,14,0,,0,106,6,0,0,0
2007,7,2,1,2356,2205,58,2312,AA,410,N3DLAA,122,127,103,106,111,MIA,BNA,806,5,14,0,,0,0,20,0,0,86
2007,7,5,4,2227,2205,2336,2312,AA,410,N3BKAA,129,127,107,24,22,MIA,BNA,806,6,16,0,,0,0,5,2,0,17
2007,7,2,1,25,2250,118,2350,AA,443,N3AUAA,53,60,36,88,95,MIA,TPA,204,3,14,0,,0,0,5,0,0,83
2007,7,3,2,2,2250,58,2350,AA,443,N3CXAA,56,60,38,68,72,MIA,TPA,204,4,14,0,,0,0,3,0,0,65
2007,7,4,3,2311,2250,10,2350,AA,443,N3BRAA,59,60,35,20,21,MIA,TPA,204,4,20,0,,0,0,14,0,0,6
2007,7,5,4,1713,1500,1900,1640,AA,583,N640AA,167,160,148,140,133,MIA,STL,1068,5,14,0,,0,0,67,7,0,66
2007,7,29,7,1702,1500,1835,1640,AA,583,N5CPAA,153,160,137,115,122,MIA,STL,1068,4,12,0,,0,0,115,0,0,0
2007,7,3,2,2215,1950,102,2225,AA,585,N077AA,167,155,131,157,145,MIA,SJU,1045,4,32,0,,0,0,135,12,0,10
2007,7,4,3,2101,1950,2338,2225,AA,585,N079AA,157,155,132,73,71,MIA,SJU,1045,7,18,0,,0,0,13,2,0,58
2007,7,5,4,2152,1950,27,2225,AA,585,N080AA,155,155,133,122,122,MIA,SJU,1045,6,16,0,,0,0,28,0,0,94
2007,7,21,6,2040,1950,2308,2225,AA,585,N078AA,148,155,128,43,50,MIA,SJU,1045,4,16,0,,0,0,43,0,0,0
2007,7,27,5,2119,1950,2400,2225,AA,585,N071AA,161,155,128,95,89,MIA,SJU,1045,5,28,0,,0,0,8,6,0,81
2007,7,29,7,2146,1950,29,2225,AA,585,N072AA,163,155,134,124,116,MIA,SJU,1045,7,22,0,,0,0,35,8,0,81
2007,7,3,2,2353,2105,244,2359,AA,588,N069AA,171,174,142,165,168,MIA,JFK,1090,11,18,0,,0,0,17,0,0,148
2007,7,4,3,2237,2105,122,2359,AA,588,N081AA,165,174,143,83,92,MIA,JFK,1090,11,11,0,,0,0,11,0,0,72
2007,7,5,4,2239,2105,128,2359,AA,588,N066AA,169,174,139,89,94,MIA,JFK,1090,12,18,0,,0,0,89,0,0,0
2007,7,7,6,2131,2105,36,2359,AA,588,N076AA,185,174,142,37,26,MIA,JFK,1090,8,35,0,,0,0,20,11,0,6
2007,7,27,5,2225,2105,131,2359,AA,588,N057AA,186,174,152,92,80,MIA,JFK,1090,12,22,0,,0,50,30,12,0,0
2007,7,29,7,2200,2105,113,2359,AA,588,N069AA,193,174,152,74,55,MIA,JFK,1090,12,29,0,,0,0,14,19,0,41
2007,7,3,2,1851,1830,2227,2035,AA,628,N3BXAA,336,245,233,112,21,MIA,DEN,1709,7,96,0,,0,0,21,91,0,0
2007,7,4,3,2015,1830,2214,2035,AA,628,N3ARAA,239,245,215,99,105,MIA,DEN,1709,6,18,0,,0,0,68,0,0,31
2007,7,5,4,2014,1830,2222,2035,AA,628,N3AYAA,248,245,217,107,104,MIA,DEN,1709,6,25,0,,0,0,21,3,0,83
2007,7,21,6,2053,1830,2240,2035,AA,628,N3APAA,227,245,207,125,143,MIA,DEN,1709,5,15,0,,0,31,88,0,0,6
2007,7,27,5,2012,1830,2229,2035,AA,628,N3CSAA,257,245,237,114,102,MIA,DEN,1709,7,13,0,,0,0,52,12,0,50
2007,7,29,7,2121,1830,2301,2035,AA,628,N3AAAA,220,245,206,146,171,MIA,DEN,1709,5,9,0,,0,0,146,0,0,0
2007,7,5,4,1640,1430,2044,1735,AA,680,N5CXAA,244,185,198,189,130,MIA,EWR,1086,6,40,0,,0,0,130,59,0,0
2007,7,9,1,1508,1430,1846,1735,AA,680,N5FJAA,218,185,151,71,38,MIA,EWR,1086,12,55,0,,0,0,38,33,0,0
2007,7,22,7,1510,1430,1821,1735,AA,680,N5EAAA,191,185,138,46,40,MIA,EWR,1086,7,46,0,,0,0,40,6,0,0
2007,7,5,4,1731,1525,1906,1700,AA,685,N3DGAA,155,155,130,126,126,MIA,IAH,964,7,18,0,,0,0,41,0,0,85
2007,7,22,7,1608,1525,1739,1700,AA,685,N3CWAA,151,155,127,39,43,MIA,IAH,964,8,16,0,,0,0,5,0,0,34
2007,7,24,2,1555,1525,1728,1700,AA,685,N3DCAA,153,155,136,28,30,MIA,IAH,964,5,12,0,,0,0,6,0,0,22
2007,7,27,5,1558,1525,1752,1700,AA,685,N3AVAA,174,155,147,52,33,MIA,IAH,964,8,19,0,,0,0,11,19,0,22
2007,7,29,7,1736,1525,1913,1700,AA,685,N3DHAA,157,155,121,133,131,MIA,IAH,964,8,28,0,,0,0,131,2,0,0
2007,7,2,1,1835,1735,2113,2015,AA,795,N643AA,158,160,138,58,60,MIA,STT,1107,3,17,0,,0,0,54,0,0,4
2007,7,4,3,1843,1735,2114,2015,AA,795,N5CMAA,151,160,133,59,68,MIA,STT,1107,3,15,0,,0,0,22,0,0,37
2007,7,5,4,1916,1735,2149,2015,AA,795,N5FJAA,153,160,138,94,101,MIA,STT,1107,3,12,0,,0,0,7,0,0,87
2007,7,21,6,1808,1735,2053,2015,AA,795,N624AA,165,160,140,38,33,MIA,STT,1107,4,21,0,,0,0,33,5,0,0
2007,7,27,5,1805,1735,2054,2015,AA,795,N632AA,169,160,136,39,30,MIA,STT,1107,3,30,0,,0,0,30,9,0,0
2007,7,29,7,1930,1735,2207,2015,AA,795,N638AA,157,160,140,112,115,MIA,STT,1107,3,14,0,,0,0,33,0,0,79
2007,7,5,4,1703,1400,1822,1505,AA,816,N073AA,79,65,42,197,183,MIA,MCO,193,8,29,0,,0,0,183,14,0,0
2007,7,2,1,1920,1845,2124,2100,AA,823,N347AA,304,315,284,24,35,MIA,LAX,2342,7,13,0,,0,0,2,0,0,22
2007,7,3,2,2329,1845,129,2100,AA,823,N354AA,300,315,276,269,284,MIA,LAX,2342,7,17,0,,0,0,111,0,0,158
2007,7,4,3,1954,1845,2144,2100,AA,823,N344AA,290,315,273,44,69,MIA,LAX,2342,5,12,0,,0,0,17,0,0,27
2007,7,5,4,2107,1845,2318,2100,AA,823,N360AA,311,315,279,138,142,MIA,LAX,2342,13,19,0,,0,0,101,0,0,37
2007,7,21,6,1931,1845,2201,2100,AA,823,N385AA,330,315,274,61,46,MIA,LAX,2342,40,16,0,,0,0,27,15,0,19
2007,7,27,5,1909,1845,2116,2100,AA,823,N379AA,307,315,283,16,24,MIA,LAX,2342,12,12,0,,0,0,16,0,0,0
2007,7,29,7,1945,1845,2141,2100,AA,823,N368AA,296,315,272,41,60,MIA,LAX,2342,4,20,0,,0,0,41,0,0,0
2007,7,3,2,4,2200,145,2350,AA,855,N3BVAA,161,170,140,115,124,MIA,DFW,1121,5,16,0,,0,0,52,0,0,63
2007,7,4,3,2319,2200,101,2350,AA,855,N3BSAA,162,170,142,71,79,MIA,DFW,1121,3,17,0,,0,0,10,0,0,61
2007,7,5,4,2316,2200,59,2350,AA,855,N3AMAA,163,170,144,69,76,MIA,DFW,1121,4,15,0,,0,0,23,0,0,46
2007,7,21,6,2245,2200,24,2350,AA,855,N3DCAA,159,170,140,34,45,MIA,DFW,1121,7,12,0,,0,0,12,0,0,22
2007,7,29,7,934,2200,1120,2350,AA,855,N3AHAA,166,170,143,690,694,MIA,DFW,1121,9,14,0,,0,0,580,0,0,110
2007,7,2,1,2247,2055,142,2335,AA,866,N3ACAA,175,160,144,127,112,MIA,PHL,1013,9,22,0,,0,0,31,15,0,81
2007,7,3,2,2229,2055,119,2335,AA,866,N3ATAA,170,160,133,104,94,MIA,PHL,1013,4,33,0,,0,0,34,10,0,60
2007,7,4,3,2320,2055,156,2335,AA,866,N3ADAA,156,160,139,141,145,MIA,PHL,1013,3,14,0,,0,0,11,0,0,130
2007,7,5,4,2322,2055,144,2335,AA,866,N3BWAA,142,160,127,129,147,MIA,PHL,1013,3,12,0,,0,0,99,0,0,30
2007,7,7,6,2129,2055,13,2335,AA,866,N3BXAA,164,160,137,38,34,MIA,PHL,1013,6,21,0,,0,0,34,4,0,0
2007,7,29,7,326,2055,602,2335,AA,866,N3CDAA,156,160,138,387,391,MIA,PHL,1013,5,13,0,,0,0,12,0,0,375
2007,7,5,4,1608,1250,1857,1522,AA,869,N5FMAA,169,152,129,215,198,MIA,SJU,1045,4,36,0,,0,0,198,17,0,0
2007,7,7,6,1325,1250,1556,1522,AA,869,N372AA,151,152,130,34,35,MIA,SJU,1045,4,17,0,,0,0,34,0,0,0
2007,7,20,5,1314,1250,1555,1522,AA,869,N5CHAA,161,152,130,33,24,MIA,SJU,1045,4,27,0,,0,0,24,9,0,0
2007,7,2,1,1826,1755,2306,2055,AA,882,N060AA,280,180,178,131,31,MIA,JFK,1090,50,52,0,,0,0,21,100,0,10
2007,7,3,2,2233,1755,131,2055,AA,882,N061AA,178,180,140,276,278,MIA,JFK,1090,12,26,0,,0,172,99,0,0,5
2007,7,4,3,1840,1755,2201,2055,AA,882,N071AA,201,180,163,66,45,MIA,JFK,1090,18,20,0,,0,0,19,21,0,26
2007,7,5,4,2014,1755,2343,2055,AA,882,N079AA,209,180,146,168,139,MIA,JFK,1090,34,29,0,,0,0,99,29,0,40
2007,7,21,6,2011,1755,2310,2055,AA,882,N056AA,179,180,133,135,136,MIA,JFK,1090,28,18,0,,0,0,34,0,0,101
2007,7,27,5,2118,1755,13,2055,AA,882,N064AA,175,180,142,198,203,MIA,JFK,1090,22,11,0,,0,64,41,84,0,9
2007,7,29,7,1916,1755,2234,2055,AA,882,N058AA,198,180,156,99,81,MIA,JFK,1090,13,29,0,,0,0,81,18,0,0
2007,7,5,4,1810,1335,2056,1610,AA,914,N072AA,166,155,132,286,275,MIA,SJU,1045,7,27,0,,0,0,192,11,0,83
2007,7,7,6,1417,1335,1655,1610,AA,914,N076AA,158,155,130,45,42,MIA,SJU,1045,5,23,0,,0,31,11,3,0,0
2007,7,21,6,1716,1335,2013,1610,AA,914,N071AA,177,155,135,243,221,MIA,SJU,1045,4,38,0,,0,160,61,22,0,0
2007,7,22,7,1449,1335,1733,1610,AA,914,N058AA,164,155,134,83,74,MIA,SJU,1045,9,21,0,,0,0,24,9,0,50
2007,7,2,1,1711,1635,1813,1725,AA,920,N3ACAA,122,110,96,48,36,MIA,MSY,674,5,21,0,,0,0,36,12,0,0
2007,7,3,2,1817,1635,1912,1725,AA,920,N3BVAA,115,110,96,107,102,MIA,MSY,674,4,15,0,,0,0,47,5,0,55
2007,7,4,3,1807,1635,1906,1725,AA,920,N3BTAA,119,110,88,101,92,MIA,MSY,674,5,26,0,,0,0,37,9,0,55
2007,7,21,6,1701,1635,1807,1725,AA,920,N3BFAA,126,110,93,42,26,MIA,MSY,674,4,29,0,,0,0,26,16,0,0
2007,7,29,7,2040,1635,2135,1725,AA,920,N3CEAA,115,110,87,250,245,MIA,MSY,674,3,25,0,,0,0,98,5,0,147
2007,7,2,1,2326,2050,225,2345,AA,936,N3CRAA,179,175,151,160,156,MIA,BDL,1194,4,24,0,,0,0,16,4,0,140
2007,7,4,3,2134,2050,29,2345,AA,936,N3AMAA,175,175,156,44,44,MIA,BDL,1194,3,16,0,,0,0,44,0,0,0
2007,7,5,4,2244,2050,138,2345,AA,936,N3ASAA,174,175,152,113,114,MIA,BDL,1194,2,20,0,,0,0,28,0,0,85
2007,7,7,6,2111,2050,12,2345,AA,936,N3BNAA,181,175,157,27,21,MIA,BDL,1194,4,20,0,,0,0,21,6,0,0
2007,7,21,6,2140,2050,19,2345,AA,936,N3BPAA,159,175,142,34,50,MIA,BDL,1194,6,11,0,,0,0,17,0,0,17
2007,7,27,5,2114,2050,11,2345,AA,936,N3DGAA,177,175,162,26,24,MIA,BDL,1194,4,11,0,,0,0,24,2,0,0
2007,7,29,7,2148,2050,45,2345,AA,936,N3CUAA,177,175,158,60,58,MIA,BDL,1194,4,15,0,,0,0,58,2,0,0
2007,7,3,2,2214,2045,110,2340,AA,954,N5CFAA,176,175,143,90,89,MIA,LGA,1097,3,30,0,,0,0,89,1,0,0
2007,7,4,3,2250,2045,139,2340,AA,954,N641AA,169,175,152,119,125,MIA,LGA,1097,3,14,0,,0,0,119,0,0,0
2007,7,5,4,2148,2045,109,2340,AA,954,N5BVAA,201,175,173,89,63,MIA,LGA,1097,6,22,0,,0,0,63,26,0,0
2007,7,7,6,2148,2045,27,2340,AA,954,N5CFAA,159,175,133,47,63,MIA,LGA,1097,5,21,0,,0,0,28,0,0,19
2007,7,4,3,1956,1835,2058,1935,AA,1011,N3BSAA,62,60,39,83,81,MIA,MCO,193,6,17,0,,0,0,81,2,0,0
2007,7,5,4,1934,1835,2027,1935,AA,1011,N3CKAA,53,60,38,52,59,MIA,MCO,193,5,10,0,,0,0,17,0,0,35
2007,7,21,6,1851,1835,1956,1935,AA,1011,N3DCAA,65,60,33,21,16,MIA,MCO,193,18,14,0,,0,0,16,5,0,0
2007,7,27,5,1912,1835,2013,1935,AA,1011,N3DFAA,61,60,37,38,37,MIA,MCO,193,9,15,0,,0,0,37,1,0,0
2007,7,29,7,2004,1835,2112,1935,AA,1011,N3AHAA,68,60,39,97,89,MIA,MCO,193,5,24,0,,0,0,89,8,0,0
2007,7,3,2,8,2050,253,2350,AA,1050,N5CXAA,165,180,146,183,198,MIA,EWR,1086,4,15,0,,0,0,54,0,0,129
2007,7,4,3,2211,2050,105,2350,AA,1050,N5BTAA,174,180,149,75,81,MIA,EWR,1086,5,20,0,,0,0,75,0,0,0
2007,7,5,4,2138,2050,33,2350,AA,1050,N642AA,175,180,154,43,48,MIA,EWR,1086,6,15,0,,0,0,15,0,0,28
2007,7,7,6,2125,2050,21,2350,AA,1050,N618AA,176,180,149,31,35,MIA,EWR,1086,4,23,0,,0,0,31,0,0,0
2007,7,21,6,2222,2050,52,2350,AA,1050,N5DPAA,150,180,131,62,92,MIA,EWR,1086,7,12,0,,0,0,21,0,0,41
2007,7,27,5,2213,2050,120,2350,AA,1050,N5BTAA,187,180,164,90,83,MIA,EWR,1086,9,14,0,,0,0,10,7,0,73
2007,7,29,7,2254,2050,201,2350,AA,1050,N5CRAA,187,180,163,131,124,MIA,EWR,1086,4,20,0,,0,0,40,7,0,84
2007,7,2,1,2234,2100,108,2325,AA,1078,N5FFAA,154,145,121,103,94,MIA,BWI,946,8,25,0,,0,0,94,9,0,0
2007,7,3,2,2231,2100,102,2325,AA,1078,N5EPAA,151,145,125,97,91,MIA,BWI,946,5,21,0,,0,0,60,6,0,31
2007,7,4,3,2139,2100,2351,2325,AA,1078,N5CNAA,132,145,120,26,39,MIA,BWI,946,4,8,0,,0,0,26,0,0,0
2007,7,7,6,2119,2100,2340,2325,AA,1078,N5CMAA,141,145,122,15,19,MIA,BWI,946,9,10,0,,0,0,15,0,0,0
2007,7,21,6,2127,2100,2340,2325,AA,1078,N634AA,133,145,117,15,27,MIA,BWI,946,5,11,0,,0,0,5,0,0,10
2007,7,5,4,1639,1435,1944,1659,AA,1094,N3BEAA,185,144,127,165,124,MIA,DCA,920,23,35,0,,0,0,3,41,0,121
2007,7,22,7,1457,1435,1748,1659,AA,1094,N3CGAA,171,144,112,49,22,MIA,DCA,920,3,56,0,,0,0,22,27,0,0
2007,7,29,7,1711,1435,2136,1659,AA,1094,N3CDAA,265,144,135,277,156,MIA,DCA,920,19,111,0,,0,0,140,121,0,16
2007,7,4,3,1635,1540,1908,1809,AA,1099,N3BUAA,153,149,135,59,55,MIA,SJU,1045,5,13,0,,0,0,55,4,0,0
2007,7,21,6,1820,1540,2109,1809,AA,1099,N060AA,169,149,132,180,160,MIA,SJU,1045,10,27,0,,0,50,55,20,0,55
2007,7,29,7,1756,1540,2042,1809,AA,1099,N082AA,166,149,127,153,136,MIA,SJU,1045,4,35,0,,0,0,2,17,0,134
2007,7,2,1,1700,1615,1923,1825,AA,1115,N7BBAA,203,190,159,58,45,MIA,ORD,1197,32,12,0,,0,0,45,13,0,0
2007,7,4,3,1744,1615,2020,1825,AA,1115,N7BLAA,216,190,171,115,89,MIA,ORD,1197,11,34,0,,0,0,89,26,0,0
2007,7,5,4,2110,1630,2309,1843,AA,1115,N7AHAA,179,193,157,266,280,MIA,ORD,1197,9,13,0,,0,0,23,0,0,243
2007,7,21,6,1748,1630,1959,1843,AA,1115,N392AA,191,193,163,76,78,MIA,ORD,1197,6,22,0,,0,0,76,0,0,0
2007,7,29,7,1841,1630,2101,1843,AA,1115,N345AA,200,193,159,138,131,MIA,ORD,1197,11,30,0,,0,0,23,7,0,108
2007,7,4,3,1813,1740,1906,1840,AA,1169,N3CKAA,53,60,36,26,33,MIA,TPA,204,3,14,0,,0,0,26,0,0,0
2007,7,27,5,1857,1740,2005,1840,AA,1169,N3BBAA,68,60,36,85,77,MIA,TPA,204,5,27,0,,0,0,77,8,0,0
2007,7,29,7,1912,1740,2015,1840,AA,1169,N3ARAA,63,60,36,95,92,MIA,TPA,204,5,22,0,,0,0,25,3,0,67
2007,7,2,1,2307,2105,122,2330,AA,1200,N3CMAA,135,145,119,112,122,MIA,DCA,920,3,13,0,,0,0,16,0,0,96
2007,7,3,2,2225,2105,58,2330,AA,1200,N3BRAA,153,145,126,88,80,MIA,DCA,920,3,24,0,,0,0,11,8,0,69
2007,7,4,3,2201,2105,18,2330,AA,1200,N3CKAA,137,145,123,48,56,MIA,DCA,920,3,11,0,,0,0,9,0,0,39
2007,7,7,6,2140,2105,2358,2330,AA,1200,N3DDAA,138,145,120,28,35,MIA,DCA,920,3,15,0,,0,0,28,0,0,0
2007,7,19,4,2318,2105,135,2330,AA,1200,N3BNAA,137,145,116,125,133,MIA,DCA,920,4,17,0,,0,0,60,0,0,65
2007,7,29,7,2238,2105,136,2330,AA,1200,N3ARAA,178,145,127,126,93,MIA,DCA,920,36,15,0,,0,0,5,33,0,88
2007,7,4,3,1822,1740,2142,2035,AA,1206,N3BYAA,200,175,161,67,42,MIA,DTW,1145,8,31,0,,0,0,42,25,0,0
2007,7,5,4,2016,1740,2319,2035,AA,1206,N3BNAA,183,175,152,164,156,MIA,DTW,1145,9,22,0,,0,0,7,8,0,149
2007,7,21,6,2020,1740,2301,2035,AA,1206,N3BNAA,161,175,144,146,160,MIA,DTW,1145,5,12,0,,0,0,120,0,0,26
2007,7,27,5,1819,1740,2145,2035,AA,1206,N3ARAA,206,175,163,70,39,MIA,DTW,1145,9,34,0,,0,0,39,31,0,0
2007,7,2,1,1710,1615,2016,1915,AA,1228,N3AFAA,186,180,148,61,55,MIA,LGA,1097,4,34,0,,0,0,40,6,0,15
2007,7,4,3,1817,1615,2115,1915,AA,1228,N3CTAA,178,180,154,120,122,MIA,LGA,1097,6,18,0,,0,0,36,0,0,84
2007,7,5,4,1809,1615,2233,1915,AA,1228,N3AXAA,264,180,168,198,114,MIA,LGA,1097,5,91,0,,0,0,76,84,0,38
2007,7,29,7,1938,1615,2241,1915,AA,1228,N3AWAA,183,180,162,206,203,MIA,LGA,1097,5,16,0,,0,0,80,3,0,123
2007,7,22,7,1526,1445,1753,1645,AA,1230,N3APAA,147,120,97,68,41,MIA,RDU,700,5,45,0,,0,0,14,27,0,27
2007,7,24,2,1525,1445,1729,1645,AA,1230,N3DDAA,124,120,96,44,40,MIA,RDU,700,6,22,0,,0,0,40,4,0,0
2007,7,29,7,1638,1445,1839,1645,AA,1230,N3DEAA,121,120,99,114,113,MIA,RDU,700,3,19,0,,0,0,113,1,0,0
2007,7,3,2,25,2020,247,2305,AA,1236,N5DAAA,322,345,305,222,245,MIA,SFO,2585,2,15,0,,0,0,20,0,0,202
2007,7,4,3,2111,2020,2338,2305,AA,1236,N629AA,327,345,308,33,51,MIA,SFO,2585,3,16,0,,0,0,21,0,0,12
2007,7,5,4,2227,2020,55,2305,AA,1236,N612AA,328,345,311,110,127,MIA,SFO,2585,2,15,0,,0,0,91,0,0,19
2007,7,21,6,2125,2020,2348,2305,AA,1236,N5CAAA,323,345,300,43,65,MIA,SFO,2585,8,15,0,,0,0,7,0,0,36
2007,7,29,7,2114,2020,2331,2305,AA,1236,N5BWAA,317,345,302,26,54,MIA,SFO,2585,4,11,0,,0,0,18,0,0,8
2007,7,3,2,2221,1925,28,2130,AA,1283,N5ECAA,187,185,156,178,176,MIA,ORD,1197,7,24,0,,0,0,166,2,0,10
2007,7,4,3,2007,1925,2216,2130,AA,1283,N5EYAA,189,185,163,46,42,MIA,ORD,1197,7,19,0,,0,0,27,4,0,15
2007,7,5,4,2044,1925,2246,2130,AA,1283,N5EDAA,182,185,162,76,79,MIA,ORD,1197,6,14,0,,0,0,18,0,0,58
2007,7,21,6,2001,1925,2202,2130,AA,1283,N5EDAA,181,185,163,32,36,MIA,ORD,1197,6,12,0,,0,0,6,0,0,26
2007,7,27,5,2009,1925,2240,2130,AA,1283,N5FCAA,211,185,179,70,44,MIA,ORD,1197,11,21,0,,0,0,10,26,0,34
2007,7,29,7,2032,1925,2238,2130,AA,1283,N5ETAA,186,185,159,68,67,MIA,ORD,1197,11,16,0,,0,0,39,1,0,28
2007,7,4,3,1957,1915,2219,2140,AA,1290,N3AYAA,142,145,125,39,42,MIA,DCA,920,3,14,0,,0,0,39,0,0,0
2007,7,29,7,2026,1915,2316,2140,AA,1290,N3BMAA,170,145,130,96,71,MIA,DCA,920,29,11,0,,0,0,30,25,0,41
2007,7,4,3,1832,1700,2104,1933,AA,1299,N5FEAA,152,153,132,91,92,MIA,SJU,1045,5,15,0,,0,0,21,0,0,70
2007,7,5,4,1918,1700,2139,1933,AA,1299,N5BRAA,141,153,126,126,138,MIA,SJU,1045,4,11,0,,0,0,43,0,0,83
2007,7,11,3,1729,1700,1953,1933,AA,1299,N624AA,144,153,127,20,29,MIA,SJU,1045,3,14,0,,0,0,20,0,0,0
2007,7,21,6,1749,1700,2033,1933,AA,1299,N5BRAA,164,153,127,60,49,MIA,SJU,1045,4,33,0,,0,0,49,11,0,0
2007,7,29,7,1846,1700,2120,1933,AA,1299,N5CHAA,154,153,134,107,106,MIA,SJU,1045,5,15,0,,0,0,25,1,0,81
2007,7,5,4,1552,1330,1838,1625,AA,1332,N3AMAA,166,175,149,133,142,MIA,LGA,1097,5,12,0,,0,0,133,0,0,0
2007,7,2,1,1727,1700,2100,2000,AA,1382,N5FMAA,213,180,161,60,27,MIA,LGA,1097,15,37,0,,0,0,27,33,0,0
2007,7,4,3,1815,1700,2120,2000,AA,1382,N5FNAA,185,180,159,80,75,MIA,LGA,1097,4,22,0,,0,0,51,5,0,24
2007,7,5,4,1919,1700,2210,2000,AA,1382,N5EAAA,171,180,147,130,139,MIA,LGA,1097,6,18,0,,0,0,29,0,0,101
2007,7,21,6,1746,1700,2031,2000,AA,1382,N629AA,165,180,127,31,46,MIA,LGA,1097,4,34,0,,0,0,31,0,0,0
2007,7,29,7,1819,1700,2246,2000,AA,1382,N5CYAA,267,180,163,166,79,MIA,LGA,1097,88,16,0,,0,0,76,87,0,3
2007,7,2,1,1848,1820,2100,2030,AA,1447,N5ETAA,192,190,173,30,28,MIA,ORD,1197,7,12,0,,0,0,13,2,0,15
2007,7,4,3,1955,1820,2221,2030,AA,1447,N626AA,206,190,165,111,95,MIA,ORD,1197,7,34,0,,0,0,73,16,0,22
2007,7,5,4,1954,1820,2203,2030,AA,1447,N5CCAA,189,190,161,93,94,MIA,ORD,1197,7,21,0,,0,0,21,0,0,72
2007,7,21,6,2004,1820,2157,2030,AA,1447,N622AA,173,190,156,87,104,MIA,ORD,1197,6,11,0,,0,0,44,0,0,43
2007,7,27,5,1915,1820,2139,2030,AA,1447,N5DAAA,204,190,171,69,55,MIA,ORD,1197,7,26,0,,0,0,55,14,0,0
2007,7,29,7,1910,1820,2123,2030,AA,1447,N5FRAA,193,190,152,53,50,MIA,ORD,1197,5,36,0,,0,0,24,3,0,26
2007,7,7,6,1314,1120,1403,1210,AA,1451,N3AXAA,109,110,95,113,114,MIA,MSY,674,3,11,0,,0,83,30,0,0,0
2007,7,3,2,934,1955,1129,2145,AA,1521,N5BUAA,295,290,265,824,819,MIA,LAS,2175,12,18,0,,0,619,200,5,0,0
2007,7,4,3,2041,1955,2220,2145,AA,1521,N5EAAA,279,290,259,35,46,MIA,LAS,2175,7,13,0,,0,0,35,0,0,0
2007,7,5,4,2116,1955,2257,2145,AA,1521,N5FNAA,281,290,259,72,81,MIA,LAS,2175,5,17,0,,0,0,70,0,0,2
2007,7,21,6,2020,1955,2204,2145,AA,1521,N625AA,284,290,266,19,25,MIA,LAS,2175,5,13,0,,0,0,10,0,0,9
2007,7,29,7,2107,1955,2253,2145,AA,1521,N5BVAA,286,290,259,68,72,MIA,LAS,2175,10,17,0,,0,0,21,0,0,47
2007,7,2,1,4,2240,102,2330,AA,1539,N3BSAA,118,110,91,92,84,MIA,MSY,674,3,24,0,,0,0,6,8,0,78
2007,7,3,2,2314,2240,15,2330,AA,1539,N3DJAA,121,110,96,45,34,MIA,MSY,674,4,21,0,,0,0,24,11,0,10
2007,7,29,7,207,2240,301,2330,AA,1539,N3DHAA,114,110,87,211,207,MIA,MSY,674,3,24,0,,0,62,60,4,0,85
2007,7,2,1,2156,2035,31,2301,AA,1564,N3BTAA,155,146,124,90,81,MIA,IAD,921,8,23,0,,0,0,46,9,0,35
2007,7,3,2,2247,2035,116,2301,AA,1564,N3CDAA,149,146,124,135,132,MIA,IAD,921,4,21,0,,0,0,132,3,0,0
2007,7,4,3,2131,2035,2351,2301,AA,1564,N3BFAA,140,146,123,50,56,MIA,IAD,921,4,13,0,,0,0,50,0,0,0
2007,7,5,4,2121,2035,2341,2301,AA,1564,N3CYAA,140,146,122,40,46,MIA,IAD,921,8,10,0,,0,0,40,0,0,0
2007,7,27,5,2240,2035,108,2301,AA,1564,N3CEAA,148,146,128,127,125,MIA,IAD,921,8,12,0,,0,0,13,2,0,112
2007,7,29,7,2205,2035,33,2301,AA,1564,N3DEAA,148,146,125,92,90,MIA,IAD,921,8,15,0,,0,0,10,2,0,80
2007,7,20,5,1332,1310,1535,1520,AA,1565,N619AA,183,190,161,15,22,MIA,ORD,1197,6,16,0,,0,0,15,0,0,0
2007,7,29,7,1732,1310,1956,1520,AA,1565,N5FLAA,204,190,165,276,262,MIA,ORD,1197,16,23,0,,0,0,44,14,0,218
2007,7,3,2,2313,2105,100,2300,AA,1748,N3ANAA,107,115,85,120,128,MIA,ATL,595,8,14,0,,0,0,25,0,0,95
2007,7,4,3,2159,2105,2346,2300,AA,1748,N3BJAA,107,115,84,46,54,MIA,ATL,595,5,18,0,,0,0,6,0,0,40
2007,7,21,6,2126,2105,2315,2300,AA,1748,N3BBAA,109,115,86,15,21,MIA,ATL,595,7,16,0,,0,0,6,0,0,9
2007,7,5,4,1708,1445,1853,1645,AA,1762,N3AHAA,105,120,85,128,143,MIA,ATL,595,6,14,0,,0,0,32,0,0,96
2007,7,22,7,1527,1445,1756,1645,AA,1762,N3BMAA,149,120,98,71,42,MIA,ATL,595,8,43,0,,0,0,31,29,0,11
2007,7,24,2,1516,1445,1707,1645,AA,1762,N3CCAA,111,120,83,22,31,MIA,ATL,595,7,21,0,,0,0,6,0,0,16
2007,7,27,5,1549,1445,1805,1645,AA,1762,N3CAAA,136,120,97,80,64,MIA,ATL,595,16,23,0,,0,0,9,16,0,55
2007,7,29,7,1706,1445,2018,1645,AA,1762,N3ACAA,192,120,95,213,141,MIA,ATL,595,19,78,0,,0,0,45,72,0,96
2007,7,5,4,1622,1430,1710,1530,AA,1778,N3BFAA,48,60,34,100,112,MIA,TPA,204,4,10,0,,0,0,54,0,0,46
2007,7,24,2,1501,1430,1600,1530,AA,1778,N3CRAA,59,60,42,30,31,MIA,TPA,204,4,13,0,,0,0,28,0,0,2
2007,7,29,7,1713,1430,1821,1530,AA,1778,N3CSAA,68,60,34,171,163,MIA,TPA,204,3,31,0,,0,0,140,8,0,23
2007,7,3,2,2216,2050,119,2359,AA,1780,N5DCAA,183,189,157,80,86,MIA,BOS,1258,6,20,0,,0,0,80,0,0,0
2007,7,4,3,2141,2050,45,2359,AA,1780,N640AA,184,189,160,46,51,MIA,BOS,1258,6,18,0,,0,0,46,0,0,0
2007,7,5,4,2202,2050,107,2359,AA,1780,N635AA,185,189,162,68,72,MIA,BOS,1258,5,18,0,,0,0,68,0,0,0
2007,7,29,7,2149,2050,126,2359,AA,1780,N5BYAA,217,189,168,87,59,MIA,BOS,1258,36,13,0,,0,0,59,28,0,0
2007,7,3,2,1857,1830,2303,2129,AA,1812,N643AA,246,179,146,94,27,MIA,LGA,1097,5,95,0,,0,0,18,67,0,9
2007,7,4,3,1850,1830,2147,2129,AA,1812,N5DDAA,177,179,152,18,20,MIA,LGA,1097,4,21,0,,0,0,13,0,0,5
2007,7,21,6,1936,1830,2211,2129,AA,1812,N611AA,155,179,134,42,66,MIA,LGA,1097,6,15,0,,0,0,37,0,0,5
2007,7,29,7,1952,1830,2320,2129,AA,1812,N5DNAA,208,179,162,111,82,MIA,LGA,1097,12,34,0,,0,0,8,29,0,74
2007,7,4,3,1731,1540,1933,1735,AA,1825,N617AA,302,295,278,118,111,MIA,LAS,2175,4,20,0,,0,0,101,7,0,10
2007,7,29,7,1807,1540,1952,1735,AA,1825,N5EFAA,285,295,258,137,147,MIA,LAS,2175,5,22,0,,0,0,113,0,0,24
2007,7,3,2,2337,2045,159,2300,AA,1830,N5ESAA,322,315,285,179,172,MIA,LAX,2342,12,25,0,,0,0,51,7,0,121
2007,7,4,3,2139,2045,2340,2300,AA,1830,N5EWAA,301,315,275,40,54,MIA,LAX,2342,9,17,0,,0,0,22,0,0,18
2007,7,5,4,2236,2045,30,2300,AA,1830,N5ESAA,294,315,271,90,111,MIA,LAX,2342,11,12,0,,0,0,90,0,0,0
2007,7,21,6,2115,2045,6,2300,AA,1830,N5CVAA,351,315,280,66,30,MIA,LAX,2342,59,12,0,,0,0,17,36,0,13
2007,7,27,5,2242,2045,112,2300,AA,1830,N5EYAA,330,315,284,132,117,MIA,LAX,2342,30,16,0,,0,60,41,15,0,16
2007,7,29,7,2158,2045,6,2300,AA,1830,N5EYAA,308,315,268,66,73,MIA,LAX,2342,10,30,0,,0,0,38,0,0,28
2007,7,2,1,1823,1720,2049,1925,AA,1860,N3ARAA,146,125,111,84,63,MIA,ATL,595,10,25,0,,0,0,12,21,0,51
2007,7,4,3,1846,1720,2034,1925,AA,1860,N3CPAA,108,125,84,69,86,MIA,ATL,595,8,16,0,,0,0,33,0,0,36
2007,7,5,4,1840,1720,2031,1925,AA,1860,N3ARAA,111,125,84,66,80,MIA,ATL,595,15,12,0,,0,0,20,0,0,46
2007,7,21,6,1948,1720,2155,1925,AA,1860,N3ABAA,127,125,83,150,148,MIA,ATL,595,15,29,0,,0,0,11,2,0,137
2007,7,27,5,1808,1720,2007,1925,AA,1860,N3AWAA,119,125,89,42,48,MIA,ATL,595,11,19,0,,0,0,42,0,0,0
2007,7,29,7,1920,1720,2141,1925,AA,1860,N3AGAA,141,125,91,136,120,MIA,ATL,595,28,22,0,,0,0,31,16,0,89
2007,7,2,1,1922,1840,2120,2040,AA,1865,N5BVAA,178,180,152,40,42,MIA,DFW,1121,10,16,0,,0,0,40,0,0,0
2007,7,3,2,2116,1840,2349,2040,AA,1865,N5DUAA,213,180,145,189,156,MIA,DFW,1121,10,58,0,,0,0,127,33,0,29
2007,7,4,3,2104,1840,2259,2040,AA,1865,N5CUAA,175,180,146,139,144,MIA,DFW,1121,4,25,0,,0,0,42,0,0,97
2007,7,5,4,2014,1840,2209,2040,AA,1865,N5DBAA,175,180,146,89,94,MIA,DFW,1121,8,21,0,,0,0,9,0,0,80
2007,7,27,5,1923,1840,2117,2040,AA,1865,N5BUAA,174,180,148,37,43,MIA,DFW,1121,10,16,0,,0,0,16,0,0,21
2007,7,29,7,2007,1840,2136,2040,AA,1865,N7BMAA,149,180,133,56,87,MIA,DFW,1121,8,8,0,,0,0,56,0,0,0
2007,7,2,1,1849,1810,2212,2120,AA,1888,N5DFAA,203,190,167,52,39,MIA,BOS,1258,11,25,0,,0,0,20,13,0,19
2007,7,3,2,1856,1810,2324,2120,AA,1888,N5FCAA,268,190,165,124,46,MIA,BOS,1258,5,98,0,,0,0,46,78,0,0
2007,7,4,3,1922,1810,2231,2120,AA,1888,N5EUAA,189,190,167,71,72,MIA,BOS,1258,7,15,0,,0,0,27,0,0,44
2007,7,5,4,1929,1810,2252,2120,AA,1888,N5ETAA,203,190,183,92,79,MIA,BOS,1258,7,13,0,,0,0,38,13,0,41
2007,7,21,6,1923,1810,2207,2120,AA,1888,N5DEAA,164,190,146,47,73,MIA,BOS,1258,6,12,0,,0,0,14,0,0,33
2007,7,27,5,1915,1810,2230,2120,AA,1888,N5FDAA,195,190,170,70,65,MIA,BOS,1258,6,19,0,,0,0,57,5,0,8
2007,7,29,7,2001,1810,2400,2120,AA,1888,N5FCAA,239,190,210,160,111,MIA,BOS,1258,9,20,0,,0,0,46,49,0,65
2007,7,1,7,1731,1635,1934,1830,AA,1945,N7BJAA,183,175,150,64,56,MIA,DFW,1121,11,22,0,,0,0,56,8,0,0
2007,7,2,1,1710,1635,2018,1830,AA,1945,N7ASAA,248,175,151,108,35,MIA,DFW,1121,73,24,0,,0,0,35,73,0,0
2007,7,4,3,1752,1635,1944,1830,AA,1945,N7AGAA,172,175,152,74,77,MIA,DFW,1121,7,13,0,,0,0,74,0,0,0
2007,7,5,4,1747,1635,1940,1830,AA,1945,N7BMAA,173,175,139,70,72,MIA,DFW,1121,15,19,0,,0,0,15,0,0,55
2007,7,21,6,1735,1635,1939,1830,AA,1945,N7ADAA,184,175,143,69,60,MIA,DFW,1121,24,17,0,,0,0,60,9,0,0
2007,7,29,7,1812,1635,2012,1830,AA,1945,N7AUAA,180,175,135,102,97,MIA,DFW,1121,20,25,0,,0,0,97,5,0,0
2007,7,2,1,10,2230,120,2330,AA,1946,N621AA,70,60,36,110,100,MIA,MCO,193,23,11,0,,0,0,35,10,0,65
2007,7,3,2,7,2230,59,2330,AA,1946,N5DNAA,52,60,34,89,97,MIA,MCO,193,7,11,0,,0,0,15,0,0,74
2007,7,4,3,2314,2230,6,2330,AA,1946,N5DMAA,52,60,37,36,44,MIA,MCO,193,5,10,0,,0,0,2,0,0,34
2007,7,29,7,16,2230,107,2330,AA,1946,N614AA,51,60,34,97,106,MIA,MCO,193,3,14,0,,0,0,1,0,0,96
2007,7,4,3,1814,1610,1926,1715,AA,1990,N5ELAA,72,65,46,131,124,MIA,MCO,193,11,15,0,,0,0,26,7,0,98
2007,7,11,3,1659,1610,1758,1715,AA,1990,N5CGAA,59,65,36,43,49,MIA,MCO,193,8,15,0,,0,0,23,0,0,20
2007,7,21,6,1651,1610,1758,1715,AA,1990,N5DPAA,67,65,38,43,41,MIA,MCO,193,5,24,0,,0,0,41,2,0,0
2007,7,27,5,1819,1610,1926,1715,AA,1990,N5BTAA,67,65,44,131,129,MIA,MCO,193,4,19,0,,0,100,29,2,0,0
2007,7,29,7,1755,1610,1857,1715,AA,1990,N5FGAA,62,65,38,102,105,MIA,MCO,193,5,19,0,,0,0,56,0,0,46
2007,7,31,2,1724,1610,1821,1715,AA,1990,N5FNAA,57,65,39,66,74,MIA,MCO,193,5,13,0,,0,30,36,0,0,0
2007,7,2,1,1739,1525,2021,1810,AA,2021,N3AUAA,162,165,135,131,134,MIA,PHL,1013,4,23,0,,0,0,49,0,0,82
2007,7,4,3,1647,1525,1935,1810,AA,2021,N3BEAA,168,165,145,85,82,MIA,PHL,1013,11,12,0,,0,0,67,3,0,15
2007,7,28,6,1635,1525,1926,1810,AA,2021,N3ARAA,171,165,153,76,70,MIA,PHL,1013,4,14,0,,0,0,70,6,0,0
2007,7,29,7,1815,1525,2135,1810,AA,2021,N3CRAA,200,165,166,205,170,MIA,PHL,1013,15,19,0,,0,0,83,35,0,87
2007,7,2,1,2147,2050,2348,2255,AA,2039,N5CYAA,181,185,163,53,57,MIA,ORD,1197,6,12,0,,0,0,42,0,0,11
2007,7,3,2,2247,2050,119,2255,AA,2039,N5CBAA,212,185,186,144,117,MIA,ORD,1197,7,19,0,,0,0,117,27,0,0
2007,7,4,3,2220,2050,28,2255,AA,2039,N5ELAA,188,185,166,93,90,MIA,ORD,1197,7,15,0,,0,0,7,3,0,83
2007,7,5,4,2149,2050,2348,2255,AA,2039,N626AA,179,185,159,53,59,MIA,ORD,1197,6,14,0,,0,0,53,0,0,0
2007,7,21,6,2125,2050,2332,2255,AA,2039,N5FEAA,187,185,162,37,35,MIA,ORD,1197,6,19,0,,0,15,20,2,0,0
2007,7,27,5,2329,2050,127,2255,AA,2039,N619AA,178,185,157,152,159,MIA,ORD,1197,8,13,0,,0,0,1,0,0,151
2007,7,29,7,2313,2050,112,2255,AA,2039,N637AA,179,185,158,137,143,MIA,ORD,1197,5,16,0,,0,0,88,0,0,49
2007,7,2,1,1656,1605,1938,1835,AA,2078,N621AA,162,150,127,63,51,MIA,BWI,946,9,26,0,,0,0,41,12,0,10
2007,7,4,3,1718,1605,1947,1835,AA,2078,N5DRAA,149,150,126,72,73,MIA,BWI,946,6,17,0,,0,0,39,0,0,33
2007,7,5,4,1810,1605,2047,1835,AA,2078,N5DCAA,157,150,121,132,125,MIA,BWI,946,15,21,0,,0,0,54,7,0,71
2007,7,21,6,1723,1605,1940,1835,AA,2078,N5CXAA,137,150,116,65,78,MIA,BWI,946,6,15,0,,0,0,65,0,0,0
2007,7,29,7,1746,1605,2150,1835,AA,2078,N5DUAA,244,150,138,195,101,MIA,BWI,946,7,99,0,,0,0,56,94,0,45
2007,7,22,7,1530,1500,1849,1815,AA,2090,N621AA,199,195,155,34,30,MIA,BOS,1258,6,38,0,,0,0,30,4,0,0
2007,7,24,2,1536,1500,1848,1815,AA,2090,N5FNAA,192,195,159,33,36,MIA,BOS,1258,12,21,0,,0,0,33,0,0,0
2007,7,27,5,1638,1500,2033,1815,AA,2090,N635AA,235,195,183,138,98,MIA,BOS,1258,6,46,0,,0,0,14,40,0,84
2007,7,29,7,1714,1500,2113,1815,AA,2090,N5EAAA,239,195,184,178,134,MIA,BOS,1258,7,48,0,,0,0,132,44,0,2
2007,7,3,2,2153,1945,22,2200,AA,2104,N3CWAA,329,315,291,142,128,MIA,LAX,2342,8,30,0,,0,0,128,14,0,0
2007,7,4,3,2026,1945,2250,2200,AA,2104,N3CAAA,324,315,286,50,41,MIA,LAX,2342,13,25,0,,0,0,41,9,0,0
2007,7,5,4,2151,1945,8,2200,AA,2104,N3ABAA,317,315,277,128,126,MIA,LAX,2342,14,26,0,,0,0,42,2,0,84
2007,7,27,5,2020,1945,2228,2200,AA,2104,N3CLAA,308,315,286,28,35,MIA,LAX,2342,5,17,0,,0,0,25,0,0,3
2007,7,29,7,2059,1945,2306,2200,AA,2104,N3BUAA,307,315,282,66,74,MIA,LAX,2342,8,17,0,,0,0,6,0,0,60
2007,7,4,3,1640,1510,1928,1810,AA,2110,N051AA,168,180,146,78,90,MIA,JFK,1090,6,16,0,,0,0,78,0,0,0
2007,7,5,4,2028,1510,2310,1810,AA,2110,N061AA,162,180,134,300,318,MIA,JFK,1090,10,18,0,,0,0,32,0,0,268
2007,7,22,7,1534,1510,1957,1810,AA,2110,N066AA,263,180,134,107,24,MIA,JFK,1090,12,117,0,,0,0,24,83,0,0
2007,7,29,7,1649,1510,2013,1810,AA,2110,N067AA,204,180,164,123,99,MIA,JFK,1090,19,21,0,,0,0,99,24,0,0
2007,7,3,2,2156,2100,35,2335,AA,2128,N3BJAA,219,215,194,60,56,MIA,MSP,1501,4,21,0,,0,0,56,4,0,0
2007,7,4,3,2204,2100,42,2335,AA,2128,N3BWAA,218,215,191,67,64,MIA,MSP,1501,2,25,0,,0,0,64,3,0,0
2007,7,5,4,2144,2100,17,2335,AA,2128,N3AGAA,213,215,198,42,44,MIA,MSP,1501,4,11,0,,0,0,42,0,0,0
2007,7,27,5,2119,2100,2359,2335,AA,2128,N3ALAA,220,215,198,24,19,MIA,MSP,1501,6,16,0,,0,0,19,5,0,0
2007,7,29,7,2222,2100,56,2335,AA,2128,N3CGAA,214,215,190,81,82,MIA,MSP,1501,4,20,0,,0,0,81,0,0,0
2007,7,4,3,1750,1725,2024,1950,AA,2172,N3CBAA,154,145,128,34,25,MIA,DCA,920,5,21,0,,0,0,25,9,0,0
2007,7,5,4,1849,1725,2133,1950,AA,2172,N3CJAA,164,145,123,103,84,MIA,DCA,920,26,15,0,,0,0,84,19,0,0
2007,7,21,6,1744,1725,2008,1950,AA,2172,N3ATAA,144,145,112,18,19,MIA,DCA,920,4,28,0,,0,0,18,0,0,0
2007,7,27,5,1840,1725,2133,1950,AA,2172,N3BXAA,173,145,137,103,75,MIA,DCA,920,6,30,0,,0,0,75,28,0,0
2007,7,29,7,1941,1725,2328,1950,AA,2172,N3AUAA,227,145,135,218,136,MIA,DCA,920,62,30,0,,0,0,79,82,0,57
2007,7,3,2,2108,1915,2256,2050,AA,2190,N5EGAA,168,155,143,126,113,MIA,STL,1068,3,22,0,,0,0,113,13,0,0
2007,7,4,3,1951,1915,2118,2050,AA,2190,N5FKAA,147,155,136,28,36,MIA,STL,1068,2,9,0,,0,0,22,0,0,6
2007,7,5,4,2021,1915,2204,2050,AA,2190,N616AA,163,155,144,74,66,MIA,STL,1068,3,16,0,,0,0,5,8,0,61
2007,7,27,5,1943,1915,2132,2050,AA,2190,N640AA,169,155,141,42,28,MIA,STL,1068,5,23,0,,0,0,28,14,0,0
2007,7,2,1,2231,2100,12,2230,AA,2192,N3AYAA,161,150,126,102,91,MIA,IAH,964,8,27,0,,0,0,82,11,0,9
2007,7,3,2,2247,2100,24,2230,AA,2192,N3CPAA,157,150,128,114,107,MIA,IAH,964,9,20,0,,0,0,82,7,0,25
2007,7,4,3,2145,2100,2313,2230,AA,2192,N3BXAA,148,150,124,43,45,MIA,IAH,964,8,16,0,,0,0,12,0,0,31
2007,7,29,7,2303,2100,15,2230,AA,2192,N3CFAA,132,150,114,105,123,MIA,IAH,964,7,11,0,,0,0,32,0,0,73
2007,7,2,1,1730,1619,2008,1843,AA,2198,N3BSAA,158,144,124,85,71,MIA,DCA,920,5,29,0,,0,0,32,14,0,39
2007,7,4,3,1739,1619,2032,1843,AA,2198,N3DFAA,173,144,134,109,80,MIA,DCA,920,4,35,0,,0,0,21,29,0,59
2007,7,5,4,1816,1619,2054,1843,AA,2198,N3CNAA,158,144,126,131,117,MIA,DCA,920,9,23,0,,0,0,15,14,0,102
2007,7,21,6,1709,1619,1919,1843,AA,2198,N3BCAA,130,144,112,36,50,MIA,DCA,920,3,15,0,,0,0,36,0,0,0
2007,7,29,7,1825,1619,2205,1843,AA,2198,N3BCAA,220,144,164,202,126,MIA,DCA,920,8,48,0,,0,0,19,76,0,107
2007,7,5,4,1611,1350,1823,1545,AA,2205,N5BUAA,192,175,143,158,141,MIA,DFW,1121,25,24,0,,0,0,141,17,0,0
2007,7,8,7,1425,1350,1709,1545,AA,2205,N5CTAA,224,175,159,84,35,MIA,DFW,1121,7,58,0,,0,0,35,49,0,0
2007,7,20,5,1425,1350,1629,1545,AA,2205,N642AA,184,175,160,44,35,MIA,DFW,1121,10,14,0,,0,25,10,9,0,0
2007,7,24,2,1426,1350,1620,1545,AA,2205,N610AA,174,175,155,35,36,MIA,DFW,1121,10,9,0,,0,12,23,0,0,0
2007,7,3,2,2336,2035,136,2235,AA,2298,N3CAAA,120,120,99,181,181,MIA,RDU,700,5,16,0,,0,0,30,0,0,151
2007,7,4,3,2119,2035,2317,2235,AA,2298,N3APAA,118,120,98,42,44,MIA,RDU,700,3,17,0,,0,0,42,0,0,0
2007,7,5,4,2135,2035,2323,2235,AA,2298,N3CXAA,108,120,94,48,60,MIA,RDU,700,4,10,0,,0,0,21,0,0,27
2007,7,29,7,2152,2035,6,2235,AA,2298,N3CNAA,134,120,107,91,77,MIA,RDU,700,5,22,0,,0,0,77,14,0,0
2007,8,6,1,1736,1620,1947,1840,AA,267,N5FCAA,311,320,274,67,76,MIA,LAX,2342,8,29,0,,0,23,44,0,0,0
2007,8,29,3,3,2250,104,2350,AA,443,N3DLAA,61,60,40,74,73,MIA,TPA,204,3,18,0,,0,0,43,1,0,30
2007,8,25,6,1307,1150,1613,1500,AA,562,N5BVAA,186,190,165,73,77,MIA,BOS,1258,7,14,0,,0,47,26,0,0,0
2007,8,12,7,1531,1500,1715,1640,AA,583,N5CCAA,164,160,137,35,31,MIA,STL,1068,3,24,0,,0,0,31,4,0,0
2007,8,19,7,743,720,1013,955,AA,639,N077AA,150,155,131,18,23,MIA,SJU,1045,4,15,0,,0,0,18,0,0,0
2007,8,6,1,1605,1525,1729,1700,AA,685,N3ACAA,144,155,117,29,40,MIA,IAH,964,5,22,0,,0,0,29,0,0,0
2007,8,12,7,1554,1525,1722,1700,AA,685,N3CWAA,148,155,121,22,29,MIA,IAH,964,6,21,0,,0,0,22,0,0,0
2007,8,23,4,1326,1225,1609,1505,AA,775,N5EYAA,163,160,139,64,61,MIA,STT,1107,4,20,0,,0,0,21,43,0,0
2007,8,25,6,1359,1250,1628,1522,AA,869,N362AA,149,152,127,66,69,MIA,SJU,1045,3,19,0,,0,0,8,0,0,58
2007,8,1,3,1444,1335,1724,1610,AA,914,N050AA,160,155,136,74,69,MIA,SJU,1045,5,19,0,,0,0,56,5,0,13
2007,8,25,6,1408,1335,1655,1610,AA,914,N084AA,167,155,146,45,33,MIA,SJU,1045,6,15,0,,0,0,6,12,0,27
2007,8,12,7,1528,1435,1758,1659,AA,1094,N3CSAA,150,144,123,59,53,MIA,DCA,920,5,22,0,,0,25,28,6,0,0
2007,8,6,1,1624,1540,1857,1809,AA,1099,N067AA,153,149,129,48,44,MIA,SJU,1045,5,19,0,,0,0,44,4,0,0
2007,8,12,7,1619,1540,1858,1809,AA,1099,N058AA,159,149,127,49,39,MIA,SJU,1045,5,27,0,,0,19,20,10,0,0
2007,8,6,1,1729,1630,2106,1843,AA,1115,N395AA,277,193,172,143,59,MIA,ORD,1197,8,97,0,,0,19,40,84,0,0
2007,8,12,7,1648,1630,1903,1840,AA,1115,N7ADAA,195,190,167,23,18,MIA,ORD,1197,9,19,0,,0,0,18,5,0,0
2007,8,12,7,1507,1445,1734,1645,AA,1230,N3ANAA,147,120,102,49,22,MIA,RDU,700,4,41,0,,0,0,11,27,0,11
2007,8,8,3,1325,1225,1630,1520,AA,1414,N329AA,185,175,160,70,60,MIA,JFK,1090,7,18,0,,0,0,7,10,0,53
2007,8,23,4,1245,1225,1638,1520,AA,1414,N328AA,233,175,151,78,20,MIA,JFK,1090,8,74,0,,0,0,20,58,0,0
2007,8,25,6,1404,1310,1614,1520,AA,1565,N619AA,190,190,168,54,54,MIA,ORD,1197,6,16,0,,0,0,43,0,0,11
2007,8,1,3,1505,1445,1703,1645,AA,1762,N3AEAA,118,120,85,18,20,MIA,ATL,595,13,20,0,,0,0,10,0,0,8
2007,8,12,7,1522,1430,1622,1530,AA,1778,N3DFAA,60,60,37,52,52,MIA,TPA,204,3,20,0,,0,0,24,0,0,28
2007,8,1,3,1352,1220,1630,1415,AA,1818,N373AA,218,175,157,135,92,MIA,DFW,1121,38,23,0,,0,20,32,43,0,40
2007,8,29,3,1915,1840,2106,2040,AA,1865,N5BWAA,171,180,149,26,35,MIA,DFW,1121,6,16,0,,0,0,26,0,0,0
2007,8,6,1,1709,1635,1856,1830,AA,1945,N7ALAA,167,175,133,26,34,MIA,DFW,1121,9,25,0,,0,0,26,0,0,0
2007,8,6,1,1739,1610,1840,1715,AA,1990,N5EBAA,61,65,41,85,89,MIA,MCO,193,7,13,0,,0,0,53,0,0,32
2007,8,6,1,1637,1525,2002,1810,AA,2021,N3BMAA,205,165,156,112,72,MIA,PHL,1013,3,46,0,,0,0,72,40,0,0
2007,8,6,1,1702,1605,1949,1835,AA,2078,N632AA,167,150,129,74,57,MIA,BWI,946,16,22,0,,0,0,57,17,0,0
2007,8,12,7,1624,1605,1853,1835,AA,2078,N634AA,149,150,122,18,19,MIA,BWI,946,3,24,0,,0,0,18,0,0,0
2007,8,12,7,1612,1500,1914,1815,AA,2090,N5EAAA,182,195,163,59,72,MIA,BOS,1258,7,12,0,,0,25,23,0,0,11
2007,8,6,1,1622,1510,1940,1810,AA,2110,N059AA,198,180,168,90,72,MIA,JFK,1090,13,17,0,,0,0,72,18,0,0
2007,9,30,7,901,825,1110,1050,AA,295,N7ASAA,309,325,285,20,36,MIA,LAX,2342,10,14,0,,0,0,20,0,0,0
2007,9,30,7,825,750,930,845,AA,404,N5CGAA,65,55,36,45,35,MIA,MCO,193,4,25,0,,0,0,35,10,0,0
2007,9,4,2,1859,1500,2040,1640,AA,583,N5FFAA,161,160,143,240,239,MIA,STL,1068,3,15,0,,0,195,44,1,0,0
2007,9,30,7,1453,1435,1634,1615,AA,583,N5CBAA,161,160,145,19,18,MIA,STL,1068,5,11,0,,0,0,18,1,0,0
2007,9,3,1,2027,1950,2302,2225,AA,585,N055AA,155,155,132,37,37,MIA,SJU,1045,5,18,0,,0,0,20,0,0,17
2007,9,23,7,2041,1945,2327,2215,AA,585,N055AA,166,150,135,72,56,MIA,SJU,1045,7,24,0,,0,0,50,16,0,6
2007,9,23,7,2201,2120,111,15,AA,588,N051AA,190,175,153,56,41,MIA,JFK,1090,13,24,0,,0,0,37,15,0,4
2007,9,30,7,801,730,1106,1000,AA,639,N5EFAA,185,150,156,66,31,MIA,SJU,1045,6,23,0,,0,0,31,35,0,0
2007,9,23,7,1958,1830,2227,2100,AA,649,N343AA,329,330,302,87,88,MIA,LAX,2342,11,16,0,,0,0,87,0,0,0
2007,9,18,2,1423,1340,1621,1540,AA,671,N5FGAA,178,180,150,41,43,MIA,DFW,1121,9,19,0,,0,0,25,0,0,16
2007,9,18,2,1351,1235,1619,1510,AA,775,N623AA,148,155,133,69,76,MIA,STT,1107,4,11,0,,0,35,34,0,0,0
2007,9,4,2,1807,1735,2051,2015,AA,795,N5EBAA,164,160,139,36,32,MIA,STT,1107,4,21,0,,0,0,32,4,0,0
2007,9,11,2,1812,1730,2046,2005,AA,795,N5ENAA,154,155,136,41,42,MIA,STT,1107,3,15,0,,0,0,33,0,0,8
2007,9,3,1,1957,1755,2244,2055,AA,882,N061AA,167,180,141,109,122,MIA,JFK,1090,9,17,0,,0,0,55,0,0,54
2007,9,4,2,1916,1755,2210,2055,AA,882,N059AA,174,180,137,75,81,MIA,JFK,1090,20,17,0,,0,0,75,0,0,0
2007,9,23,7,2021,1950,2218,2200,AA,926,N5DMAA,297,310,272,18,31,MIA,LAS,2175,8,17,0,,0,0,18,0,0,0
2007,9,23,7,2104,1840,2400,2140,AA,970,N074AA,176,180,144,140,144,MIA,JFK,1090,14,18,0,,0,65,29,0,0,46
2007,9,23,7,2128,2035,10,2330,AA,972,N631AA,162,175,146,40,53,MIA,EWR,1086,7,9,0,,0,17,23,0,0,0
2007,9,18,2,1357,1325,1735,1620,AA,986,N3CPAA,218,175,161,75,32,MIA,LGA,1097,22,35,0,,0,0,32,43,0,0
2007,9,4,2,1912,1835,2010,1935,AA,1011,N3DLAA,58,60,39,35,37,MIA,MCO,193,4,15,0,,0,0,6,0,0,29
2007,9,23,7,2134,2100,1,2325,AA,1012,N3AXAA,147,145,122,36,34,MIA,DCA,920,6,19,0,,0,0,34,2,0,0
2007,9,30,7,845,820,1111,1040,AA,1054,N3DLAA,146,140,121,31,25,MIA,DCA,920,4,21,0,,0,0,22,6,0,3
2007,9,30,7,728,710,1017,1000,AA,1114,N5FFAA,169,170,148,17,18,MIA,LGA,1097,5,16,0,,0,0,13,0,0,4
2007,9,4,2,1807,1740,1906,1840,AA,1169,N3ATAA,59,60,33,26,27,MIA,TPA,204,3,23,0,,0,0,26,0,0,0
2007,9,4,2,1811,1740,2122,2035,AA,1206,N3ASAA,191,175,158,47,31,MIA,DTW,1145,6,27,0,,0,0,31,16,0,0
2007,9,4,2,2047,2020,2329,2305,AA,1236,N641AA,342,345,318,24,27,MIA,SFO,2585,4,20,0,,0,0,8,0,0,16
2007,9,30,7,828,800,1047,1010,AA,1247,N5CJAA,199,190,164,37,28,MIA,ORD,1197,15,20,0,,0,0,28,9,0,0
2007,9,23,7,2005,1920,2215,2130,AA,1283,N617AA,190,190,161,45,45,MIA,ORD,1197,8,21,0,,0,0,45,0,0,0
2007,9,23,7,2020,1940,2239,2210,AA,1290,N3BXAA,319,330,301,29,40,MIA,LAX,2342,5,13,0,,0,0,29,0,0,0
2007,9,4,2,1806,1700,2039,1933,AA,1299,N5DUAA,153,153,134,66,66,MIA,SJU,1045,5,14,0,,0,0,47,0,0,19
2007,9,23,7,2223,2030,124,2335,AA,1366,N5FCAA,181,185,165,109,113,MIA,BOS,1258,5,11,0,,0,0,23,0,0,86
2007,9,4,2,1810,1700,2145,2000,AA,1382,N617AA,215,180,157,105,70,MIA,LGA,1097,29,29,0,,0,0,40,65,0,0
2007,9,4,2,1951,1820,2206,2030,AA,1447,N5DYAA,195,190,161,96,91,MIA,ORD,1197,6,28,0,,0,0,50,5,0,41
2007,9,3,1,2037,1955,2225,2145,AA,1521,N5FKAA,288,290,261,40,42,MIA,LAS,2175,8,19,0,,0,30,10,0,0,0
2007,9,3,1,2103,2035,2336,2301,AA,1564,N3CNAA,153,146,126,35,28,MIA,IAD,921,5,22,0,,0,0,28,7,0,0
2007,9,10,1,1727,1620,1919,1820,AA,1589,N7AGAA,172,180,142,59,67,MIA,DFW,1121,6,24,0,,0,0,59,0,0,0
2007,9,30,7,1447,1405,1719,1635,AA,1700,N062AA,152,150,130,44,42,MIA,SJU,1045,4,18,0,,0,22,20,2,0,0
2007,9,9,7,2237,2205,25,2359,AA,1724,N3BYAA,168,174,146,26,32,MIA,DFW,1121,8,14,0,,0,0,26,0,0,0
2007,9,23,7,2317,2205,100,2359,AA,1724,N3BVAA,163,174,144,61,72,MIA,DFW,1121,4,15,0,,0,0,3,0,0,58
2007,9,18,2,1359,1330,1603,1545,AA,1763,N5DJAA,184,195,158,18,29,MIA,ORD,1197,8,18,0,,0,0,18,0,0,0
2007,9,30,7,1357,1330,1604,1545,AA,1763,N5DBAA,187,195,162,19,27,MIA,ORD,1197,8,17,0,,0,0,19,0,0,0
2007,9,30,7,833,800,1021,1005,AA,1773,N343AA,168,185,140,16,33,MIA,DFW,1121,5,23,0,,0,0,16,0,0,0
2007,9,3,1,2127,2050,58,2359,AA,1780,N5FGAA,211,189,160,59,37,MIA,BOS,1258,21,30,0,,0,0,37,22,0,0
2007,9,23,7,2046,2025,2339,2320,AA,1780,N5EEAA,353,355,334,19,21,MIA,SFO,2585,3,16,0,,0,0,19,0,0,0
2007,9,4,2,1934,1830,2242,2129,AA,1812,N5EKAA,188,179,157,73,64,MIA,LGA,1097,5,26,0,,0,0,10,9,0,54
2007,9,3,1,2107,2045,2326,2300,AA,1830,N631AA,319,315,273,26,22,MIA,LAX,2342,15,31,0,,0,0,22,4,0,0
2007,9,4,2,1804,1720,2031,1925,AA,1860,N3ALAA,147,125,94,66,44,MIA,ATL,595,26,27,0,,0,0,44,22,0,0
2007,9,3,1,2055,1840,2244,2040,AA,1865,N373AA,169,180,152,124,135,MIA,DFW,1121,5,12,0,,0,0,15,0,0,109
2007,9,4,2,1912,1840,2055,2040,AA,1865,N635AA,163,180,149,15,32,MIA,DFW,1121,4,10,0,,0,0,15,0,0,0
2007,9,23,7,1939,1910,2234,2205,AA,1880,N3CPAA,175,175,153,29,29,MIA,DTW,1145,6,16,0,,0,0,29,0,0,0
2007,9,3,1,2033,1810,2355,2120,AA,1888,N5FAAA,202,190,169,155,143,MIA,BOS,1258,5,28,0,,0,0,9,12,0,134
2007,9,4,2,1922,1810,2222,2120,AA,1888,N5ETAA,180,190,160,62,72,MIA,BOS,1258,5,15,0,,0,0,15,0,0,47
2007,9,23,7,2126,2105,2230,2205,AA,1908,N077AA,64,60,37,25,21,MIA,MCO,193,6,21,0,,0,0,21,4,0,0
2007,9,30,7,712,645,1000,940,AA,1970,N5CPAA,168,175,151,20,27,MIA,EWR,1086,7,10,0,,0,0,20,0,0,0
2007,9,4,2,1848,1610,1944,1715,AA,1990,N5DVAA,56,65,39,149,158,MIA,MCO,193,4,13,0,,0,66,41,0,0,42
2007,9,3,1,2159,2100,35,2335,AA,2128,N3AYAA,216,215,193,60,59,MIA,MSP,1501,3,20,0,,0,0,21,1,0,38
2007,9,23,7,1949,1930,2135,2115,AA,2160,N5CWAA,166,165,136,20,19,MIA,STL,1068,2,28,0,,0,0,19,1,0,0
2007,9,4,2,1802,1725,2026,1950,AA,2172,N3BEAA,144,145,118,36,37,MIA,DCA,920,6,20,0,,0,0,36,0,0,0
2007,9,3,1,1955,1915,2124,2050,AA,2190,N625AA,149,155,136,34,40,MIA,STL,1068,3,10,0,,0,0,9,0,0,25
2007,9,4,2,2057,1915,2254,2050,AA,2190,N5CRAA,177,155,147,124,102,MIA,STL,1068,3,27,0,,0,0,3,22,0,99
2007,9,23,7,1955,1925,2223,2145,AA,2280,N3DFAA,148,140,122,38,30,MIA,DCA,920,3,23,0,,0,0,30,8,0,0
2007,9,23,7,2136,2055,11,2340,AA,2298,N3DLAA,215,225,190,31,41,MIA,MSP,1501,5,20,0,,0,8,23,0,0,0
2007,9,3,1,2103,2035,2306,2235,AA,2298,N3ASAA,123,120,101,31,28,MIA,RDU,700,5,17,0,,0,0,28,3,0,0
2007,9,30,7,713,645,935,855,AA,2481,N5FGAA,202,190,164,40,28,MIA,ORD,1197,23,15,0,,0,0,2,12,0,26
2007,9,23,7,1958,1920,2148,2120,AA,2493,N632AA,170,180,143,28,38,MIA,DFW,1121,14,13,0,,0,0,28,0,0,0
2007,10,20,6,1705,1620,1936,1850,AA,267,N5FJAA,331,330,308,46,45,MIA,LAX,2342,13,10,0,,0,0,21,1,0,24
2007,10,1,1,839,805,1132,1055,AA,518,N051AA,173,170,145,37,34,MIA,JFK,1090,11,17,0,,0,0,10,3,0,24
2007,10,7,7,2153,2120,44,15,AA,588,N072AA,171,175,141,29,33,MIA,JFK,1090,15,15,0,,0,0,29,0,0,0
2007,10,15,1,1440,1340,1704,1540,AA,671,N5CBAA,204,180,178,84,60,MIA,DFW,1121,9,17,0,,0,0,37,24,0,23
2007,10,20,6,1817,1730,2059,2005,AA,795,N5EVAA,162,155,140,54,47,MIA,STT,1107,4,18,0,,0,12,33,7,0,2
2007,10,1,1,1452,1300,1717,1530,AA,928,N057AA,145,150,126,107,112,MIA,SJU,1045,6,13,0,,0,0,33,0,0,74
2007,10,20,6,1641,1555,1832,1805,AA,1037,N7BFAA,171,190,152,27,46,MIA,ORD,1197,9,10,0,,0,15,12,0,0,0
2007,10,20,6,1632,1520,1918,1750,AA,1099,N059AA,166,150,143,88,72,MIA,SJU,1045,6,17,0,,0,0,3,16,0,69
2007,10,24,3,2121,2025,2323,2225,AA,1148,N3CPAA,122,120,92,58,56,MIA,RDU,700,13,17,0,,0,0,4,2,0,52
2007,10,17,3,1540,1440,1635,1535,AA,1205,N3DBAA,55,55,38,60,60,MIA,TPA,204,4,13,0,,0,0,3,0,0,57
2007,10,20,6,1707,1625,1947,1855,AA,1299,N5DVAA,160,150,135,52,42,MIA,SJU,1045,5,20,0,,0,0,23,10,0,19
2007,10,28,7,2209,2030,104,2335,AA,1366,N5CLAA,175,185,152,89,99,MIA,BOS,1258,8,15,0,,0,0,11,0,0,78
2007,10,20,6,1720,1620,1939,1820,AA,1589,N7AGAA,199,180,143,79,60,MIA,DFW,1121,14,42,0,,0,23,30,19,0,7
2007,10,1,1,1511,1405,1759,1635,AA,1700,N058AA,168,150,134,84,66,MIA,SJU,1045,8,26,0,,0,0,6,18,0,60
2007,10,1,1,1528,1330,1726,1545,AA,1763,N623AA,178,195,163,101,118,MIA,ORD,1197,4,11,0,,0,33,39,0,0,29
2007,10,15,1,956,800,1254,1005,AA,1773,N5DBAA,238,185,209,169,116,MIA,DFW,1121,11,18,0,,0,0,116,53,0,0
2007,10,15,1,949,855,1303,1055,AA,1847,N3AAAA,254,180,231,128,54,MIA,DFW,1121,5,18,0,,0,0,54,74,0,0
2007,10,17,3,1723,1615,1814,1715,AA,1990,N5EVAA,51,60,33,59,68,MIA,MCO,193,4,14,0,,0,0,59,0,0,0
2007,10,17,3,2004,1535,2246,1820,AA,2021,N3AVAA,162,165,140,266,269,MIA,PHL,1013,6,16,0,,0,0,266,0,0,0
2007,10,15,1,1029,950,1312,1150,AA,2205,N5CEAA,223,180,190,82,39,MIA,DFW,1121,18,15,0,,0,0,39,43,0,0
2007,11,19,1,1556,1450,1808,1650,AA,920,N3AHAA,132,120,106,78,66,MIA,RDU,700,10,16,0,,0,0,45,12,0,21
2007,12,26,3,1450,1255,1823,1630,AA,788,N3BRAA,153,155,134,113,115,MIA,STX,1139,2,17,0,,0,0,113,0,0,0
2007,12,26,3,1204,1140,1447,1429,AA,894,N3CJAA,163,169,143,18,24,MIA,LGA,1097,6,14,0,,0,0,18,0,0,0
2007,12,15,6,1936,1640,2236,1945,AA,1007,N3CPAA,300,305,281,171,176,MIA,PHX,1972,4,15,0,,0,0,142,0,0,29
2007,12,22,6,1350,1310,1638,1605,AA,1818,N5CYAA,168,175,144,33,40,MIA,LGA,1097,6,18,0,,0,0,9,0,0,24
2007,12,11,2,2145,1840,2356,2055,AA,2493,N5DPAA,191,195,146,181,185,MIA,DFW,1121,34,11,0,,0,93,81,0,0,7
